Timestamp,acc_x,acc_y,acc_z,gyro_x,gyro_y,gyro_z,magn_x,magn_y,magn_z
1374040,-3.718579,5.675978,9.219875,17.920000,11.690000,-25.690001,-41.901051,86.029579,-68.580688
1374060,-4.288091,5.630513,8.659934,23.520000,20.370001,-33.740002,-41.873653,85.475777,-70.080902
1374080,-4.460381,4.941355,8.095208,28.139999,26.180000,-36.959999,-41.951218,83.098953,-70.501717
1374100,-4.658992,4.479524,7.339049,30.799999,29.680000,-38.290001,-45.228703,84.989632,-70.004417
1374120,-5.388829,4.060765,6.542211,31.430000,30.799999,-36.330002,-43.146782,83.599739,-68.021774
1374140,-5.173467,3.247176,5.817160,28.000000,28.630001,-29.680000,-44.041294,84.845688,-65.411758
1374160,-5.520439,3.457752,5.027500,25.760000,24.080000,-21.559999,-46.163101,83.866684,-66.692574
1374180,-5.692729,3.292642,4.675743,18.620001,16.870001,-12.460000,-44.784286,83.124695,-64.870735
1374200,-6.051664,3.634827,4.503453,4.690000,10.990000,-0.770000,-45.553791,82.998039,-64.327293
1374220,-6.001413,4.168446,4.833674,-5.670000,5.180000,8.050000,-46.764774,82.656227,-65.781631
1374240,-5.817160,5.233290,5.367293,-12.250000,1.540000,11.830000,-45.339722,81.364403,-64.898682
1374260,-5.754944,5.568297,6.089951,-17.430000,0.070000,12.390000,-48.691246,84.559631,-66.973358
1374280,-5.537189,5.738194,6.582890,-19.250000,0.350000,10.710000,-46.640541,84.763084,-65.128616
1374300,-5.474974,5.647263,7.092579,-13.860000,2.660000,7.630000,-46.280872,83.361107,-66.360847
1374320,-5.314649,5.695121,7.279226,-3.500000,6.160000,2.800000,-44.891750,83.661636,-65.756134
1374340,-5.309863,5.723836,7.240940,6.720000,9.800000,-2.800000,-46.631985,84.205322,-67.190147
1374360,-5.369686,5.580262,7.226583,13.720000,13.370000,-7.980000,-46.849121,82.918259,-67.136475
1374380,-5.381650,5.352935,7.181117,16.940001,16.590000,-12.110000,-47.826660,85.746658,-66.207993
1374400,-5.477366,4.962892,6.946612,19.250000,20.020000,-14.700000,-47.487148,83.020287,-67.674858
1374420,-5.635299,4.699671,6.508710,21.629999,22.680000,-14.910000,-44.971066,79.684532,-67.021355
1374440,-5.800409,4.620706,5.991842,21.420000,23.799999,-13.090000,-47.273861,84.866104,-65.526665
1374460,-5.963127,4.422094,5.381650,19.389999,22.820000,-9.800000,-47.276501,82.225281,-64.873291
1374480,-6.080379,4.553704,4.915033,16.030001,19.809999,-5.600000,-47.287239,80.902885,-64.827263
1374500,-6.202418,4.781030,4.637456,10.080000,15.400000,-1.750000,-46.093773,82.561142,-64.260933
1374520,-6.286170,5.005964,4.486702,4.480000,10.220000,0.700000,-50.508183,83.286240,-66.485985
1374540,-6.353171,5.135181,4.529775,0.980000,4.690000,1.890000,-47.021255,83.800148,-62.633228
1374560,-6.271812,5.372079,4.900676,1.050000,-0.420000,1.680000,-45.626213,80.902084,-63.436676
1374580,-6.070808,5.489331,5.352935,1.260000,-4.060000,0.420000,-48.157745,82.914452,-64.184479
1374600,-5.869803,5.405580,5.939198,1.820000,-5.740000,-1.470000,-47.329197,81.173836,-64.919144
1374620,-5.752551,5.214147,6.379493,5.320000,-4.410000,-3.220000,-46.537464,79.985031,-64.434250
1374640,-5.687943,4.917426,6.819788,8.820000,-1.540000,-4.830000,-48.334564,84.276146,-63.661541
1374660,-5.745372,5.034678,6.855682,14.700000,2.380000,-5.740000,-47.330944,79.573547,-65.763550
1374680,-5.814767,5.154324,6.728858,16.940001,6.510000,-6.790000,-49.366978,84.172920,-64.794411
1374700,-5.905697,5.053822,6.458459,16.660000,9.450000,-7.280000,-48.873661,84.879784,-65.092964
1374720,-5.946377,4.886318,6.123452,15.400000,10.920000,-6.930000,-46.708260,82.668129,-64.097672
1374740,-6.063629,4.910247,5.886554,15.400000,11.410000,-6.090000,-48.731586,81.430069,-63.602650
1374760,-6.066022,5.029893,5.719050,14.980000,11.550000,-5.460000,-48.060135,82.095650,-64.750839
1374780,-6.106701,5.075358,5.573083,14.560000,11.200000,-4.550000,-48.883541,84.117126,-62.704750
1374800,-6.195239,5.159110,5.436687,13.720000,10.570000,-4.060000,-48.800056,83.295357,-63.692097
1374820,-6.278991,5.154324,5.393615,12.740000,9.800000,-3.500000,-48.135517,81.598999,-63.156143
1374840,-6.257455,5.278755,5.331399,11.620000,9.030000,-2.800000,-47.364697,83.046059,-64.026276
1374860,-6.240705,5.324221,5.398401,10.290000,8.540000,-2.520000,-49.780666,83.203041,-63.281334
1374880,-6.216775,5.305077,5.453437,9.380000,9.030000,-2.800000,-47.374577,82.283409,-61.638058
1374900,-6.190453,5.372079,5.463009,10.150000,9.450000,-3.430000,-47.408863,80.956055,-62.293678
1374920,-6.255062,5.561119,5.515653,11.060000,9.520000,-4.900000,-47.787365,82.354073,-61.622765
1374940,-6.341207,5.515653,5.506082,9.240000,9.800000,-6.230000,-49.215057,81.005066,-61.852333
1374960,-6.290956,5.259612,5.448652,7.840000,10.150000,-6.720000,-49.336220,81.818909,-61.987629
1374980,-6.410601,5.183039,5.302684,9.170000,10.640000,-6.650000,-46.741253,82.180389,-61.240002
1375000,-6.420172,5.247647,5.154324,10.570000,10.780000,-6.650000,-47.096642,83.303490,-61.038536
1375020,-6.487174,5.209361,5.077751,10.920000,10.430000,-6.930000,-47.961227,82.116470,-61.803905
1375040,-6.489567,5.156717,4.996392,11.060000,9.870000,-7.070000,-47.814766,82.907867,-60.122555
1375060,-6.558961,5.068179,4.857604,9.940000,8.260000,-6.440000,-48.002865,78.147285,-61.946484
1375080,-6.618784,5.029893,4.850425,7.910000,6.790000,-5.390000,-47.080872,80.386757,-60.994934
1375100,-6.573318,4.955713,4.838460,5.530000,5.600000,-3.920000,-46.661186,82.197243,-58.854393
1375120,-6.563747,4.993999,4.891104,3.850000,4.550000,-2.030000,-49.474152,79.988945,-61.890537
1375140,-6.625963,5.130395,4.915033,2.310000,3.500000,-0.630000,-50.160168,79.040520,-62.334438
1375160,-6.582890,5.226111,5.022714,0.420000,2.730000,0.210000,-49.503620,83.182579,-61.184029
1375180,-6.499138,5.240469,5.118431,-0.910000,2.380000,0.420000,-49.582394,84.005348,-60.056351
1375200,-6.518281,5.247647,5.204575,-0.280000,2.450000,0.210000,-48.487083,81.682541,-61.316559
1375220,-6.568533,5.381650,5.163896,0.910000,2.800000,-0.280000,-50.574604,82.030891,-61.941753
1375240,-6.554175,5.350543,5.245255,1.960000,3.430000,-1.120000,-50.605824,83.624245,-62.079655
1375260,-6.487174,5.302684,5.187825,3.150000,4.340000,-1.890000,-49.162041,77.816376,-61.857193
1375280,-6.525460,5.216540,5.120823,4.690000,4.970000,-2.380000,-47.646935,81.824066,-59.755054
1375300,-6.520675,5.216540,5.061001,6.090000,5.320000,-2.660000,-47.872601,81.575562,-61.479828
1375320,-6.508710,5.204575,5.001178,7.000000,5.530000,-2.730000,-48.658302,84.085762,-62.151073
1375340,-6.566140,5.230897,4.946141,6.720000,5.670000,-2.590000,-48.048992,83.217125,-59.785793
1375360,-6.604426,5.156717,4.895890,6.300000,5.670000,-2.380000,-49.913025,81.933823,-60.701721
1375380,-6.594855,5.221325,4.848032,6.790000,5.600000,-1.820000,-50.653809,82.573784,-61.985172
1375400,-6.642713,5.331399,4.888711,7.000000,5.880000,-1.540000,-47.744976,82.362991,-60.359795
1375420,-6.659463,5.367293,4.948534,6.860000,6.160000,-1.890000,-49.112194,84.987122,-59.885464
1375440,-6.628356,5.302684,4.905462,7.420000,6.370000,-2.240000,-50.888035,82.883041,-61.648411
1375460,-6.707321,5.350543,4.879139,8.680000,6.580000,-2.730000,-46.800865,78.766998,-59.601711
1375480,-6.724072,5.424723,4.804959,9.800000,6.370000,-3.640000,-47.785297,79.714233,-60.829060
1375500,-6.683393,5.525225,4.836067,9.940000,6.160000,-4.410000,-47.753971,82.640884,-59.469360
1375520,-6.683393,5.467795,4.924605,10.430000,6.440000,-5.740000,-50.794270,82.622993,-60.012905
1375540,-6.695357,5.513260,5.056215,11.690000,7.210000,-7.280000,-47.490276,79.137993,-60.512627
1375560,-6.769537,5.415151,5.113645,13.510000,8.470000,-9.380000,-50.602001,82.584694,-60.441540
1375580,-6.724072,5.273970,4.965284,16.100000,9.730000,-10.640000,-47.635445,79.186211,-58.680691
1375600,-6.882004,5.163896,4.790602,17.360001,10.430000,-10.360000,-49.629173,79.755310,-61.510357
1375620,-6.958577,5.041857,4.486702,17.990000,10.010000,-10.010000,-50.292850,82.011421,-59.704117
1375640,-6.963363,5.015535,4.228269,18.620001,7.840000,-8.680000,-48.009243,80.585213,-57.869446
1375660,-6.934648,4.826496,3.850189,14.910000,6.090000,-7.210000,-49.157677,81.576706,-57.826183
1375680,-7.035150,4.723600,3.596541,10.430000,3.640000,-4.270000,-51.470867,81.676552,-60.176147
1375700,-7.104544,4.809745,3.572612,3.920000,1.120000,-0.350000,-49.950840,76.925087,-59.206184
1375719,-7.047114,4.953320,3.639613,-2.800000,-2.030000,3.500000,-49.086575,82.352242,-58.390110
1375739,-6.958577,5.171074,3.840617,-9.240000,-5.810000,6.090000,-52.569679,80.798790,-60.604755
1375759,-6.910718,5.427115,4.297663,-12.810000,-7.980000,7.560000,-50.426071,80.182457,-59.466698
1375779,-6.822181,5.664013,4.747530,-13.440001,-8.330000,7.560000,-48.928165,81.266457,-58.303272
1375799,-6.657070,5.893733,5.080144,-11.620000,-6.930000,5.740000,-47.553600,81.284149,-59.290649
1375819,-6.597248,5.876982,5.379257,-9.240000,-3.920000,3.080000,-49.143978,81.299805,-58.576286
1375839,-6.573318,5.711872,5.338578,-4.620000,-0.700000,-0.140000,-50.634106,83.137497,-59.081657
1375859,-6.556568,5.599405,5.137574,-0.070000,1.400000,-3.150000,-47.336033,82.851089,-58.173222
1375879,-6.664249,5.429509,5.029893,2.030000,2.310000,-5.460000,-50.663227,82.571800,-62.265831
1375899,-6.695357,5.027500,4.766673,3.640000,3.360000,-6.440000,-49.149120,81.018944,-59.887714
1375919,-6.786287,5.046643,4.508239,4.620000,3.430000,-6.230000,-49.721645,80.854973,-59.632572
1375939,-6.882004,5.175860,4.295270,4.620000,2.660000,-5.460000,-50.036720,84.626831,-58.961838
1375959,-6.963363,5.209361,4.245019,1.960000,1.470000,-5.180000,-51.076912,81.601921,-60.752758
1375979,-7.004042,5.139966,4.357486,0.630000,0.980000,-4.620000,-50.418400,78.584145,-60.030445
1375999,-6.951398,5.367293,4.642241,1.400000,1.050000,-4.480000,-49.870636,81.942741,-59.438747
1376019,-6.917897,5.384043,4.893497,2.310000,1.400000,-5.530000,-49.514820,81.099518,-58.469120
1376039,-6.767144,5.204575,5.147145,3.290000,2.450000,-6.860000,-49.243778,80.238449,-60.025436
1376059,-6.800645,5.070572,5.491724,5.250000,4.410000,-7.630000,-52.338840,81.808952,-61.408535
1376079,-6.779109,5.049036,5.771694,8.050000,7.490000,-8.330000,-49.372177,82.930466,-58.425884
1376099,-6.870039,4.943748,5.853053,10.150000,11.200000,-8.680000,-50.418293,83.104149,-58.808643
1376119,-6.853289,5.063394,5.853053,13.020000,15.470000,-9.170000,-50.494537,82.047745,-59.556141
1376139,-6.841324,5.211754,5.671192,16.590000,19.809999,-10.220000,-51.908531,80.421844,-60.535820
1376159,-6.905933,5.106466,5.202182,19.600000,23.660000,-11.480000,-51.121075,79.511917,-59.020161
1376179,-7.035150,4.989213,4.563276,22.889999,25.620001,-11.900000,-49.544827,79.493279,-60.155510
1376199,-7.116508,4.941355,3.878904,24.780001,25.969999,-11.690000,-51.688004,80.389488,-60.122475
1376219,-7.255297,4.819317,3.273498,23.590000,24.219999,-10.850000,-50.837116,81.853409,-58.606995
1376239,-7.362978,4.766673,2.878669,21.139999,20.440001,-8.540000,-51.845985,81.755142,-59.038216
1376259,-7.446730,4.874354,2.756630,17.500000,16.100000,-5.950000,-49.925968,78.250458,-58.831223
1376279,-7.487410,4.919819,2.792524,13.370000,11.760000,-3.500000,-52.924206,82.481636,-58.061092
1376299,-8.451752,4.792995,2.447945,9.800000,6.020000,-13.160000,-50.561821,80.232658,-57.354099
1376319,-7.499374,5.022714,3.318964,8.050000,5.180000,-4.550000,-51.156143,81.664024,-56.956200
1376339,-7.532875,5.355328,3.407501,7.210000,4.200000,-0.630000,-50.846992,81.090752,-56.218777
1376359,-7.461087,5.223718,3.579791,4.480000,3.360000,-0.490000,-52.184742,80.521255,-56.450954
1376379,-7.307941,5.262005,3.709008,4.760000,3.500000,-0.420000,-51.112545,78.473351,-57.241718
1376399,-6.800645,5.233290,3.941120,7.560000,2.940000,-3.290000,-48.580471,81.260864,-54.101017
1376419,-7.382122,5.530011,3.732937,7.840000,3.570000,-5.740000,-48.574986,77.782394,-56.680271
1376439,-7.281620,5.597012,3.551076,9.380000,3.010000,-7.350000,-51.594692,79.368774,-55.818089
1376459,-7.422801,5.190217,3.306999,8.890000,1.820000,-7.910000,-49.038723,78.401894,-55.866417
1376479,-7.487410,4.977249,3.132317,7.350000,0.140000,-6.790000,-50.844921,78.450912,-55.425072
1376499,-7.535267,4.970070,3.031815,4.410000,-1.890000,-4.620000,-50.033031,78.586479,-54.705547
1376519,-7.547232,4.931784,3.031815,0.070000,-3.850000,-2.870000,-51.413166,78.008064,-56.200699
1376539,-7.513731,5.008357,3.314178,-2.590000,-5.880000,-1.330000,-51.151005,81.944885,-55.644775
1376559,-7.427587,5.166288,3.701829,-2.730000,-7.280000,-0.560000,-51.193501,77.415962,-58.129547
1376579,-7.389300,5.259612,4.139731,-1.680000,-6.510000,-1.400000,-48.169430,79.589912,-54.960716
1376599,-7.329477,5.187825,4.335949,-0.140000,-4.620000,-2.170000,-51.596336,82.288483,-55.440697
1376619,-7.291191,5.132788,4.405344,1.750000,-1.330000,-2.450000,-49.122211,79.223679,-54.879070
1376639,-7.286405,5.106466,4.371843,5.320000,1.540000,-3.290000,-51.650352,79.916618,-55.159859
1376659,-7.346228,5.147145,4.405344,9.170000,3.850000,-4.340000,-49.566223,80.887688,-55.001678
1376679,-7.331871,5.094501,4.233055,10.500000,5.320000,-5.110000,-52.206966,81.836716,-57.479290
1376699,-7.396479,5.003571,4.094266,12.250000,6.580000,-4.760000,-49.732414,79.051781,-55.746571
1376719,-7.422801,5.139966,3.979406,12.740000,7.910000,-4.550000,-51.867916,78.349678,-56.277279
1376739,-7.386907,5.089715,3.797545,12.670000,9.100000,-4.480000,-52.018551,82.357162,-55.706066
1376759,-7.410836,5.226111,3.577398,13.160000,9.870000,-4.620000,-50.128120,77.526115,-56.014366
1376779,-7.520910,5.242862,3.316571,13.440001,9.800000,-5.600000,-49.991077,78.315529,-54.613674
1376799,-7.561590,5.147145,3.165817,12.740000,8.610000,-6.510000,-52.575302,79.276451,-55.407326
1376819,-7.652520,4.993999,3.077280,11.620000,6.510000,-6.370000,-53.073761,78.288727,-56.420193
1376839,-7.700378,5.020321,3.101209,9.800000,4.410000,-5.460000,-51.232849,79.846947,-55.034817
1376859,-7.690806,4.936569,3.139495,7.490000,2.870000,-4.410000,-51.494900,80.430130,-54.368942
1376879,-7.666878,4.950927,3.251962,6.160000,1.820000,-3.150000,-52.011768,79.718315,-54.772030
1376899,-7.628591,4.984427,3.278284,5.110000,1.330000,-2.100000,-52.100395,80.259224,-55.096107
1376919,-7.604662,5.111252,3.302213,4.410000,1.120000,-1.470000,-52.063148,79.987282,-55.144566
1376939,-7.590304,5.197396,3.266320,4.830000,1.050000,-1.610000,-52.203583,80.517288,-57.012276
1376959,-7.604662,5.245255,3.232819,5.320000,1.120000,-2.100000,-50.911316,77.676361,-54.720814
1376979,-7.638163,5.259612,3.127531,6.300000,0.910000,-2.450000,-50.212921,77.027473,-54.700333
1376999,-7.607055,5.257219,3.070101,6.580000,0.560000,-2.800000,-51.575428,79.652611,-54.085670
1377019,-7.561590,5.259612,3.055744,6.720000,-0.210000,-3.220000,-50.655186,80.291779,-53.978535
1377039,-7.580733,5.245255,3.125138,6.930000,-0.770000,-3.570000,-51.344269,76.422646,-54.940155
1377059,-7.552018,5.319435,3.225640,6.790000,-1.330000,-4.270000,-52.207108,76.835915,-54.861118
1377079,-7.633377,5.391222,3.328535,5.530000,-1.470000,-5.040000,-52.326519,79.250046,-54.152000
1377099,-7.554411,5.266791,3.457752,3.500000,-1.050000,-5.880000,-52.595463,77.952072,-55.641960
1377119,-7.611841,5.228504,3.601327,3.850000,0.000000,-6.370000,-50.903217,76.357933,-54.113468
1377139,-7.547232,5.405580,3.709008,6.090000,1.540000,-7.490000,-49.725201,76.692802,-53.641438
1377159,-7.537661,5.309863,3.766437,8.330000,3.220000,-9.590000,-51.753994,79.414017,-54.407143
1377179,-7.525696,5.092108,3.749687,10.290000,4.480000,-10.570000,-53.128990,79.116447,-54.590862
1377199,-7.583126,5.005964,3.594148,12.460000,5.810000,-10.920000,-51.442207,81.481575,-54.323093
1377219,-7.702771,4.804959,3.374000,12.670000,6.370000,-10.500000,-51.842190,80.234802,-53.560123
1377239,-7.705164,4.773852,3.170603,11.480000,6.090000,-9.100000,-51.623413,78.602150,-53.991188
1377259,-7.738665,4.742744,2.948063,9.310000,5.110000,-7.280000,-52.631851,78.783760,-53.251312
1377279,-7.829595,4.714029,2.936098,6.720000,3.850000,-5.460000,-52.261013,78.984047,-53.358475
1377299,-7.831988,4.704457,2.864311,4.340000,2.590000,-3.430000,-53.426971,81.291992,-54.203217
1377319,-7.788916,4.809745,2.885847,2.380000,1.400000,-1.890000,-51.983620,75.204262,-55.151852
1377339,-7.853524,4.883925,3.000707,0.910000,0.630000,-0.700000,-50.987911,80.379295,-51.577633
1377359,-7.805666,5.087323,3.163424,0.490000,0.000000,-0.490000,-52.187836,77.119751,-53.128700
1377379,-7.719522,5.149538,3.333321,0.560000,0.140000,-1.050000,-52.986458,76.427406,-55.769424
1377399,-7.738665,5.118431,3.354857,1.680000,1.120000,-1.820000,-50.989662,78.778999,-52.422039
1377419,-7.788916,5.137574,3.417073,4.130000,2.170000,-2.730000,-52.457993,79.021362,-53.070171
1377439,-7.781737,5.154324,3.340500,6.160000,3.150000,-3.710000,-51.803299,77.043137,-53.985973
1377459,-7.805666,5.113645,3.275891,7.280000,3.780000,-4.760000,-52.011448,75.478180,-54.822735
1377479,-7.803273,5.089715,3.232819,8.050000,4.130000,-5.530000,-52.819836,78.543182,-53.853439
1377499,-7.836774,5.068179,3.199318,8.750000,4.480000,-6.020000,-52.532486,79.565254,-52.973259
1377519,-7.791309,5.147145,3.146674,9.100000,4.900000,-6.790000,-52.466980,79.299255,-52.179733
1377539,-7.753022,5.171074,3.146674,9.450000,5.530000,-7.700000,-50.991413,77.178711,-53.266449
1377559,-7.736272,5.087323,3.046172,10.010000,6.510000,-8.680000,-50.963154,77.184662,-52.424469
1377579,-7.843953,5.003571,2.914562,11.970000,7.070000,-9.100000,-53.176117,78.625740,-52.154190
1377599,-7.958812,4.998785,2.797310,13.020000,6.790000,-9.450000,-52.890945,77.767647,-53.289513
1377619,-8.040172,4.970070,2.773381,12.670000,6.020000,-9.030000,-51.879116,76.266609,-53.562374
1377639,-8.025814,4.792995,2.684843,11.690000,5.180000,-8.120000,-53.519554,77.871658,-53.547237
1377659,-8.004277,4.783423,2.706379,10.710000,4.340000,-6.790000,-51.877365,77.866898,-52.717964
1377679,-7.956419,4.661385,2.682450,9.170000,3.850000,-5.390000,-53.430927,77.330742,-53.223156
1377699,-8.013849,4.718815,2.763809,8.120000,3.430000,-3.990000,-53.160778,75.429131,-53.281689
1377719,-7.927704,4.742744,2.809274,6.860000,3.080000,-3.010000,-52.679409,78.013176,-51.985729
1377739,-7.985134,4.824103,2.890633,6.020000,3.220000,-2.520000,-51.737362,77.057014,-52.021351
1377759,-7.965991,4.938962,2.993528,6.440000,3.850000,-2.800000,-52.868713,76.452187,-52.261173
1377779,-7.989920,5.025107,3.074887,7.630000,5.040000,-3.220000,-53.093517,76.763428,-51.643753
1377799,-7.946848,5.099287,3.077280,9.310000,6.440000,-4.200000,-52.789940,75.629425,-53.388851
1377819,-7.999492,5.001178,2.967206,11.060000,7.700000,-5.530000,-51.381115,76.493660,-49.880627
1377839,-7.980349,4.948534,2.883454,13.090000,8.750000,-6.650000,-51.629902,76.520073,-51.135952
1377859,-8.006671,4.936569,2.773381,14.560000,9.590000,-7.700000,-53.638645,76.045662,-52.888824
1377878,-8.040172,4.859996,2.589127,14.700000,9.800000,-8.400000,-52.262791,76.902962,-50.362911
1377898,-8.109566,4.704457,2.366586,14.630000,9.660000,-8.190000,-54.439796,77.232483,-53.654373
1377918,-8.157424,4.709243,2.199083,13.930000,8.820000,-7.350000,-54.354134,78.290871,-52.626217
1377938,-8.200496,4.721208,2.079437,12.040000,7.630000,-6.230000,-53.726841,76.866447,-52.041805
1377958,-8.238783,4.623098,1.969363,9.240000,5.740000,-4.900000,-50.374889,73.951096,-48.796036
1377978,-8.250747,4.587205,1.828182,7.140000,3.780000,-3.150000,-51.922852,74.456474,-50.658680
1377998,-8.255533,4.702065,1.837753,4.760000,1.610000,-1.400000,-55.340771,76.877151,-52.029095
1378018,-8.224425,4.728386,1.837753,1.960000,-0.560000,0.000000,-50.543148,74.755028,-50.334629
1378038,-8.183745,4.855210,1.856897,-0.070000,-2.450000,0.700000,-53.178753,75.984917,-51.500816
1378058,-8.131102,4.907855,1.976542,-1.680000,-4.200000,1.050000,-52.628918,76.703667,-50.115414
1378078,-8.135887,5.005964,2.053115,-2.520000,-5.810000,0.910000,-53.023304,76.498421,-50.709896
1378098,-8.114351,4.972463,2.158403,-3.500000,-7.140000,0.210000,-50.685680,77.444069,-49.156067
1378118,-8.025814,5.013143,2.184725,-3.150000,-8.470000,-0.490000,-51.989677,73.402054,-51.125519
1378138,-8.169388,4.826496,2.196690,-3.220000,-9.240000,-0.910000,-52.411354,78.270607,-48.997990
1378158,-8.119137,4.840853,2.306763,-3.080000,-10.360000,-1.050000,-51.569103,76.253090,-50.482758
1378178,-8.123923,4.862389,2.426409,-3.640000,-11.270000,-0.700000,-53.718742,75.548012,-51.434460
1378198,-8.018635,4.776245,2.632199,-4.690000,-11.690000,-0.350000,-53.740540,77.143341,-51.291702
1378218,-8.064100,4.733172,2.835596,-4.900000,-10.850000,0.420000,-52.474327,76.657433,-51.666691
1378238,-8.009064,4.895890,3.000707,-3.780000,-9.800000,0.700000,-53.299484,77.078629,-50.465012
1378258,-7.982741,5.032286,3.170603,-3.290000,-8.540000,0.000000,-54.229576,76.157600,-52.023907
1378278,-7.932490,4.977249,3.278284,-1.470000,-7.070000,-0.980000,-53.351723,76.787849,-53.179737
1378298,-7.951633,5.037072,3.318964,1.540000,-5.460000,-2.100000,-51.255672,75.400940,-50.776100
1378318,-7.980349,5.037072,3.347678,3.780000,-3.780000,-3.570000,-54.974640,77.076447,-52.276592
1378338,-7.915740,4.907855,3.438609,5.460000,-1.890000,-4.900000,-51.834980,77.875816,-51.454994
1378358,-7.918133,4.919819,3.426644,7.070000,0.350000,-5.600000,-53.008717,77.262062,-52.957787
1378378,-7.918133,4.886318,3.338107,8.260000,2.450000,-6.300000,-53.506313,76.834091,-51.628464
1378398,-7.927704,4.936569,3.239998,9.310000,4.760000,-7.350000,-44.357494,9.933275,-63.969566
1378418,-7.951633,4.828888,3.285463,9.660000,7.420000,-8.190000,-54.214130,77.480995,-51.929604
1378438,-8.016242,5.005964,3.216069,12.390000,9.940000,-9.590000,-51.522434,75.983124,-50.250553
1378458,-7.999492,5.178253,3.213675,15.610000,12.390000,-12.180000,-53.809006,79.008636,-51.381145
1378478,-8.064100,4.941355,3.165817,17.990000,14.630000,-14.560000,-49.926487,76.528198,-48.482391
1378498,-8.102386,4.644635,2.828417,20.580000,16.170000,-15.470000,-54.002594,77.726524,-50.625824
1378518,-8.171782,4.639849,2.653735,21.980000,17.080000,-15.540000,-54.270218,77.748970,-52.442467
1378538,-8.236390,4.417308,2.342657,20.719999,17.010000,-14.770000,-52.869175,75.691521,-49.592297
1378558,-8.296212,4.201947,1.993292,18.549999,15.540000,-12.740000,-54.474545,75.144463,-51.641117
1378578,-8.396714,4.182803,1.684607,15.190001,13.370000,-9.800000,-55.115105,77.125664,-50.304325
1378598,-8.473288,4.240233,1.478817,10.990000,10.500000,-6.510000,-54.313950,75.938835,-49.538776
1378618,-8.502003,4.216304,1.354386,6.230000,7.140000,-3.150000,-54.403008,76.199875,-51.033951
1378638,-8.485252,4.302449,1.342421,1.960000,3.780000,-0.070000,-53.466564,74.202179,-49.712116
1378658,-8.394321,4.424487,1.423780,-1.260000,1.050000,1.610000,-55.782280,76.181198,-50.186909
1378678,-8.375178,4.687707,1.641535,-2.590000,-0.770000,2.100000,-52.704304,76.207008,-48.520718
1378698,-8.303391,4.757101,1.811431,-3.430000,-2.100000,1.820000,-53.951218,77.457558,-50.253288
1378718,-8.291427,4.802567,1.971756,-1.820000,-2.660000,0.770000,-54.095177,74.306190,-49.969841
1378738,-8.332106,4.929391,2.048329,1.540000,-2.800000,-0.560000,-54.688179,77.057968,-49.898628
1378758,-8.389536,4.831282,2.091402,3.500000,-2.940000,-1.960000,-54.125961,76.179413,-48.936646
1378778,-8.351250,4.747530,2.062687,5.110000,-3.220000,-3.150000,-52.342884,76.405319,-48.908543
1378798,-8.363214,4.580026,2.096188,5.600000,-3.640000,-3.220000,-52.127071,76.371971,-48.635529
1378818,-8.332106,4.534561,2.067473,5.390000,-4.270000,-2.730000,-53.449905,72.325981,-51.166302
1378838,-8.341678,4.541739,2.019614,4.830000,-4.830000,-2.310000,-53.732437,75.824913,-50.684353
1378858,-8.356035,4.541739,2.057901,4.340000,-5.390000,-1.400000,-53.573597,75.018997,-49.426418
1378878,-8.298605,4.620706,2.110545,3.780000,-6.020000,-0.770000,-54.118294,74.581108,-49.500393
1378898,-8.281855,4.673349,2.244548,3.640000,-6.160000,-0.420000,-53.627937,76.887260,-49.094875
1378918,-8.207675,4.759494,2.388122,3.920000,-5.880000,-0.770000,-54.612473,73.314507,-51.544025
1378938,-8.159817,4.826496,2.565197,4.830000,-4.830000,-1.400000,-52.527054,75.125191,-47.872562
1378958,-8.157424,4.862389,2.610663,5.600000,-3.780000,-2.520000,-55.503139,74.001694,-51.135872
1378978,-8.214853,4.852818,2.665700,6.300000,-2.730000,-3.990000,-55.175900,77.392647,-50.957520
1378998,-8.245961,4.812138,2.711165,7.350000,-1.540000,-5.110000,-55.050026,76.579796,-50.681896
1379018,-8.281855,4.639849,2.742273,8.330000,-0.070000,-5.670000,-51.844963,72.593163,-50.288574
1379038,-8.245961,4.599169,2.737487,9.100000,1.330000,-5.810000,-55.572922,74.546570,-50.898632
1379058,-8.296212,4.474738,2.634592,9.170000,2.660000,-5.810000,-53.933697,76.141106,-49.365280
1379078,-8.329713,4.419701,2.495803,9.170000,3.360000,-5.320000,-52.642296,72.740433,-49.416012
1379098,-8.315355,4.455595,2.421623,8.260000,3.640000,-4.760000,-54.281414,75.665901,-49.727562
1379118,-8.353642,4.450809,2.364193,7.350000,3.780000,-4.130000,-53.601429,75.292923,-49.097305
1379138,-8.341678,4.563276,2.316335,6.720000,3.710000,-3.780000,-55.537315,77.194344,-50.569695
1379158,-8.298605,4.639849,2.282834,6.650000,3.850000,-4.200000,-53.769257,76.376724,-49.464802
1379178,-8.341678,4.754708,2.239762,7.700000,4.060000,-4.970000,-56.395554,73.088593,-51.572128
1379198,-8.312963,4.752316,2.172760,7.910000,4.130000,-5.880000,-52.683823,73.291267,-48.336792
1379218,-8.358428,4.711636,2.105759,8.890000,4.130000,-7.210000,-55.396103,73.184868,-51.421570
1379238,-8.427822,4.709243,2.055508,9.520000,4.130000,-8.330000,-55.943760,74.346283,-50.791466
1379258,-8.396714,4.625491,2.031579,9.940000,4.060000,-8.960000,-54.693348,76.296310,-47.370079
1379278,-8.458930,4.565669,2.098580,9.940000,3.920000,-9.240000,-54.861607,77.100243,-48.908672
1379298,-8.463716,4.524989,2.084223,10.010000,3.850000,-9.450000,-55.032074,75.543221,-48.622795
1379318,-8.391929,4.596776,2.199083,10.220000,3.640000,-10.080000,-53.386497,74.219032,-47.326504
1379338,-8.566611,4.417308,2.179939,11.620000,4.130000,-9.520000,-54.367970,73.566978,-49.257935
1379358,-8.513967,4.443630,1.902362,11.130000,3.780000,-9.030000,-57.034470,72.150070,-50.612728
1379378,-8.509181,4.345521,1.756395,9.940000,2.800000,-7.840000,-55.418793,73.739670,-49.781029
1379398,-8.492431,4.154088,1.636749,8.120000,1.890000,-6.370000,-56.368504,76.294128,-49.181660
1379418,-8.437394,4.142124,1.495568,5.460000,0.910000,-4.270000,-54.395367,74.120773,-47.757725
1379438,-7.307941,3.275891,1.816217,3.500000,-1.610000,-4.060000,-55.839684,75.128761,-50.373081
1379458,-8.561825,4.613527,1.529068,0.840000,-2.030000,-2.870000,-56.121037,74.947311,-47.599648
1379478,-8.437394,4.491488,1.768359,-0.420000,-2.730000,-1.540000,-54.429653,72.793411,-48.413349
1379498,-8.411072,4.357486,1.969363,-1.260000,-2.940000,-0.980000,-55.284821,71.608376,-48.898056
1379518,-8.435001,4.481917,2.098580,-1.890000,-2.030000,-1.190000,-55.360958,75.071976,-48.423756
1379538,-8.449359,4.599169,2.261298,-1.330000,-0.770000,-2.310000,-55.305298,74.524132,-49.081985
1379558,-8.559432,4.501060,2.340264,-0.140000,0.560000,-3.080000,-54.015110,74.323044,-47.584229
1379578,-8.523539,4.431666,2.340264,1.190000,1.610000,-3.640000,-55.846497,77.286812,-47.467144
1379598,-8.580969,4.355093,2.340264,3.080000,2.170000,-3.990000,-55.407623,75.341934,-48.655960
1379618,-8.547467,4.386200,2.278049,4.970000,2.520000,-4.270000,-53.833580,72.962334,-47.966839
1379638,-8.542682,4.316806,2.242155,6.300000,2.800000,-4.550000,-54.817581,74.189453,-48.023094
1379658,-8.554646,4.225876,2.115331,7.420000,3.080000,-4.620000,-55.936871,76.227432,-48.635628
1379678,-8.552254,4.297663,2.060294,8.050000,3.220000,-4.480000,-52.860321,70.412827,-47.864555
1379698,-8.490038,4.211518,1.868861,7.980000,3.360000,-4.410000,-55.129688,76.362015,-48.056438
1379718,-8.511574,4.245019,1.852111,8.260000,3.150000,-4.200000,-53.358238,74.224983,-46.484524
1379738,-8.545074,4.383808,1.713322,8.610000,2.800000,-4.200000,-55.696297,72.999451,-49.209454
1379758,-8.592933,4.364665,1.670250,7.980000,2.450000,-4.480000,-56.578857,72.368202,-48.193951
1379778,-8.592933,4.379022,1.634356,7.840000,1.960000,-4.550000,-55.161018,73.435371,-49.416142
1379798,-8.607290,4.383808,1.646321,7.980000,1.680000,-4.620000,-54.501186,71.737999,-49.020515
1379818,-8.638398,4.271341,1.651107,8.260000,1.330000,-4.270000,-53.529137,72.388077,-47.369743
1379838,-8.600112,4.223483,1.756395,8.190000,0.980000,-3.990000,-57.044243,75.907425,-47.002708
1379858,-8.645576,4.235447,1.794681,8.540000,0.700000,-3.080000,-55.402481,75.622803,-47.344532
1379878,-8.554646,4.223483,1.885612,7.770000,0.770000,-2.170000,-55.538662,75.393127,-46.403030
1379898,-8.528324,4.266555,1.976542,6.580000,1.330000,-1.610000,-56.886581,78.781898,-48.036263
1379918,-8.542682,4.362271,2.012436,6.930000,1.960000,-1.400000,-54.140980,75.135895,-47.859852
1379938,-8.518753,4.477131,2.033972,7.560000,3.150000,-1.680000,-55.561005,72.188583,-48.653172
1379958,-8.494823,4.472345,2.053115,9.660000,4.410000,-2.730000,-55.502304,74.080643,-44.953705
1379978,-8.458930,4.599169,1.990900,11.970000,6.020000,-4.200000,-53.314640,71.034317,-46.770042
1379998,-8.494823,4.560883,1.883219,13.230000,7.420000,-5.950000,-54.828320,72.867050,-47.977066
1380018,-8.621648,4.474738,1.777931,14.560000,8.260000,-7.350000,-54.233997,71.435684,-48.374966
1380038,-8.662328,4.455595,1.670250,15.610000,8.400000,-8.680000,-54.823608,72.868042,-47.836735
1380058,-8.753258,4.295270,1.550604,15.820000,8.190000,-9.240000,-53.908962,72.465675,-46.372143
1380078,-8.750865,4.161267,1.478817,15.260000,7.840000,-9.100000,-57.835648,72.856102,-47.538303
1380098,-8.698221,4.029657,1.418995,14.280000,7.350000,-8.330000,-55.630360,73.013329,-47.244835
1380118,-8.712579,3.965049,1.311314,13.160000,6.720000,-7.070000,-56.806625,74.278748,-46.872452
1380138,-8.612076,4.053586,1.210811,11.690000,6.090000,-5.950000,-55.973366,72.539116,-47.466782
1380158,-8.676684,4.094266,1.184489,9.870000,5.040000,-5.040000,-52.743004,70.157738,-45.527401
1380178,-8.774794,4.122981,1.143810,8.540000,4.130000,-4.410000,-55.839283,74.927841,-45.362011
1380198,-8.839402,4.127767,1.081594,7.210000,3.010000,-3.850000,-55.111309,75.605316,-44.826237
1380218,-8.839402,4.213911,1.028950,6.230000,2.030000,-3.220000,-55.597389,73.020271,-46.262524
1380238,-8.772401,4.175625,1.115095,5.320000,1.190000,-2.800000,-54.511848,74.454811,-43.912708
1380258,-8.755651,4.130159,1.160560,4.900000,0.700000,-2.730000,-55.594002,71.700844,-45.795506
1380278,-8.750865,4.218697,1.270634,4.480000,0.490000,-2.660000,-55.937008,71.226631,-46.017456
1380298,-8.734115,4.218697,1.387887,4.130000,0.420000,-2.870000,-55.573841,73.025230,-45.560871
1380318,-8.717364,4.223483,1.474031,4.410000,0.770000,-3.220000,-55.791409,71.458290,-46.678295
1380338,-8.705400,4.245019,1.526675,4.900000,1.400000,-3.570000,-55.519505,71.156960,-45.892418
1380358,-8.683864,4.247412,1.485996,5.810000,2.170000,-4.200000,-54.316616,72.817207,-45.045425
1380378,-8.746079,4.237840,1.366351,7.490000,2.660000,-4.900000,-56.624233,73.477783,-44.912868
1380398,-8.760436,4.288091,1.323278,8.050000,3.010000,-5.600000,-53.477791,71.638313,-43.157234
1380418,-8.722150,4.247412,1.246705,9.100000,3.220000,-6.230000,-54.054134,72.513893,-44.540207
1380438,-8.755651,4.161267,1.184489,9.450000,3.220000,-6.580000,-55.615017,69.816719,-48.372330
1380458,-8.734115,4.075122,1.064844,8.750000,3.080000,-6.510000,-57.768822,73.910530,-47.071465
1380478,-8.734115,4.003335,1.007414,7.910000,2.730000,-5.880000,-53.470551,69.760132,-44.892082
1380498,-8.798723,3.960263,0.966735,7.210000,2.240000,-5.320000,-56.962963,72.724686,-46.165585
1380518,-8.906404,4.003335,0.966735,5.390000,1.260000,-4.550000,-58.702766,73.548248,-46.428497
1380538,-8.858545,3.960263,1.009807,3.640000,0.350000,-3.850000,-53.723614,70.065430,-45.116638
1380558,-8.825045,4.003335,1.064844,3.290000,-0.420000,-2.940000,-55.015903,72.425552,-43.568127
1380578,-8.748472,4.053586,1.160560,2.520000,-0.630000,-2.520000,-56.759098,74.568535,-44.298054
1380598,-8.801116,4.041622,1.158167,2.100000,-0.770000,-2.380000,-55.306648,72.722908,-44.915321
1380618,-8.767615,4.072730,1.170132,2.310000,-0.840000,-2.170000,-54.564220,69.163239,-44.009262
1380638,-8.827438,4.060765,1.127060,2.240000,-0.840000,-2.100000,-55.012054,71.866798,-45.769985
1380658,-8.770008,4.120588,1.139024,2.240000,-1.050000,-2.380000,-55.396591,71.943405,-44.912716
1380678,-8.805902,4.137338,1.150989,2.590000,-1.050000,-2.800000,-56.802803,73.239189,-45.234337
1380698,-8.820259,4.213911,1.191668,3.080000,-0.980000,-3.500000,-58.614571,72.727463,-47.275513
1380718,-8.743686,4.077516,1.198847,3.780000,-0.490000,-4.130000,-54.631367,72.348938,-44.425396
1380738,-8.762830,4.106230,1.275420,4.550000,0.280000,-4.480000,-57.887917,72.084526,-46.413052
1380757,-8.796330,4.079908,1.227562,5.390000,0.840000,-4.900000,-54.365925,70.446335,-44.624256
1380777,-8.841795,4.091873,1.347207,5.670000,1.120000,-5.250000,-56.509964,70.782791,-46.933411
1380797,-8.841795,4.003335,1.301742,5.880000,1.540000,-5.460000,-53.980526,70.929474,-43.139336
1380817,-8.846581,3.991371,1.354386,6.160000,2.170000,-5.320000,-57.316711,70.928078,-46.341507
1380837,-8.834617,3.948298,1.392673,6.580000,2.940000,-5.250000,-55.324734,68.758690,-44.356251
1380857,-8.868117,3.965049,1.337636,7.210000,3.640000,-5.110000,-54.809940,72.110344,-44.746864
1380877,-8.887260,3.898047,1.287385,7.700000,4.130000,-5.040000,-56.798203,68.720184,-46.315807
1380897,-8.894440,3.969835,1.249098,8.190000,4.550000,-4.900000,-56.694023,74.022667,-44.675625
1380917,-8.877689,3.984192,1.263456,8.120000,4.900000,-4.900000,-55.626106,72.253654,-44.435623
1380937,-8.944691,3.876511,1.184489,8.400000,4.970000,-4.970000,-54.242580,71.512650,-42.473457
1380957,-8.880082,3.950691,1.134238,8.960000,5.180000,-4.970000,-56.279587,71.032288,-45.068310
1380977,-8.930333,3.948298,1.076809,9.100000,5.390000,-5.180000,-56.406776,70.524727,-45.017246
1380997,-8.899225,3.862154,0.966735,9.170000,5.460000,-5.180000,-56.435925,69.478233,-44.361443
1381017,-8.882475,3.811903,0.940413,9.030000,5.320000,-4.760000,-58.035267,70.252586,-46.596622
1381037,-8.868117,3.792759,0.859054,9.030000,5.040000,-4.270000,-53.030819,68.375008,-43.738705
1381057,-8.911190,3.845403,0.751373,8.820000,4.550000,-3.850000,-53.861115,68.515343,-43.848454
1381077,-8.896832,3.843010,0.727444,7.980000,3.850000,-3.430000,-54.464428,70.224594,-42.560116
1381097,-8.932726,3.795152,0.696336,7.280000,2.800000,-3.220000,-54.270519,67.266571,-43.366142
1381117,-8.896832,3.914798,0.705908,6.580000,2.170000,-2.800000,-56.335243,71.580139,-44.410076
1381137,-8.892047,3.886083,0.741802,6.020000,1.890000,-2.660000,-57.645161,70.736710,-44.971371
1381157,-8.901618,3.924369,0.727444,5.810000,1.750000,-2.660000,-55.251881,71.134521,-44.075771
1381177,-8.925548,3.972227,0.705908,5.880000,1.750000,-2.660000,-55.512184,73.317986,-42.565487
1381197,-8.935119,3.969835,0.746587,5.950000,1.680000,-3.080000,-57.412575,73.347168,-44.930740
1381217,-8.942298,3.969835,0.744194,6.160000,1.820000,-3.500000,-53.644867,68.761864,-42.404339
1381237,-8.939904,3.967442,0.815982,6.160000,2.030000,-3.570000,-55.953342,68.862694,-44.613976
1381257,-8.947083,3.910012,0.825553,6.160000,2.240000,-3.850000,-57.023788,72.510880,-42.978802
1381277,-8.959048,3.826260,0.856661,6.230000,2.450000,-3.920000,-55.552502,70.669228,-43.034752
1381297,-9.018870,3.874118,0.880590,6.650000,2.730000,-4.060000,-56.280903,69.711868,-44.741623
1381317,-9.014085,3.840617,0.873411,7.000000,3.220000,-4.480000,-55.707951,70.155716,-43.825668
1381337,-8.994942,3.876511,0.916484,7.420000,3.780000,-4.550000,-56.715069,71.657738,-43.412476
1381357,-8.959048,3.850189,0.859054,7.910000,4.410000,-4.830000,-54.757702,72.401123,-42.032139
1381377,-8.942298,3.783188,0.830339,8.400000,5.250000,-5.250000,-55.180454,67.669930,-44.690403
1381397,-9.009299,3.737722,0.708301,9.170000,5.460000,-5.390000,-55.550751,72.269516,-42.190342
1381417,-9.073908,3.771223,0.583870,9.170000,5.180000,-5.460000,-53.450851,70.323845,-41.988567
1381437,-9.030835,3.694650,0.512082,8.680000,4.760000,-5.110000,-55.745197,70.427658,-43.777210
1381457,-9.049978,3.737722,0.514475,8.120000,4.130000,-4.550000,-53.053074,69.209671,-40.927067
1381477,-9.085872,3.615684,0.469010,7.280000,3.570000,-3.920000,-55.156471,67.954758,-42.817657
1381497,-9.021263,3.637220,0.402009,6.650000,2.870000,-3.360000,-53.788715,70.130493,-40.899090
1381517,-9.033228,3.668328,0.354150,5.670000,2.240000,-2.450000,-55.561920,70.667244,-43.315411
1381537,-9.006907,3.665935,0.382865,4.830000,1.610000,-1.750000,-55.647583,69.608856,-44.343571
1381557,-8.999727,3.735330,0.373294,4.340000,0.770000,-1.260000,-55.856941,71.243484,-43.631844
1381577,-9.011692,3.747294,0.416366,3.570000,0.000000,-1.050000,-56.966061,69.323189,-42.843330
1381597,-9.016478,3.761652,0.440295,3.080000,-0.420000,-0.910000,-56.441525,68.436699,-43.003990
1381617,-8.987762,3.783188,0.445081,2.870000,-0.770000,-0.700000,-54.461037,68.905174,-42.093098
1381637,-8.971012,3.859761,0.428331,2.800000,-1.050000,-0.630000,-54.886639,70.293274,-42.825481
1381657,-8.942298,3.799938,0.382865,2.310000,-1.400000,-0.840000,-56.628193,69.516541,-43.932808
1381677,-8.932726,3.821474,0.416366,2.030000,-1.680000,-0.700000,-55.567516,69.625710,-41.957958
1381697,-8.961441,3.821474,0.301506,1.750000,-2.030000,-0.770000,-55.071239,68.733276,-42.960598
1381717,-8.982977,3.847796,0.380472,1.610000,-2.520000,-0.700000,-57.466160,71.255180,-43.478806
1381737,-8.990156,3.835832,0.421152,1.540000,-2.940000,-0.910000,-55.963974,72.060303,-43.346146
1381757,-8.999727,3.840617,0.512082,1.680000,-3.290000,-1.260000,-58.250652,70.565804,-45.698540
1381777,-8.997334,3.838225,0.643692,1.610000,-3.080000,-1.680000,-57.422455,72.584511,-42.542522
1381797,-8.978191,3.821474,0.725051,1.540000,-2.590000,-1.820000,-56.908653,70.375626,-42.657154
1381817,-8.978191,3.754473,0.768124,1.750000,-2.030000,-1.820000,-54.439667,67.029961,-43.406952
1381837,-8.918368,3.732937,0.804017,2.240000,-1.540000,-1.890000,-55.331974,70.636871,-42.621407
1381857,-8.975799,3.778402,0.866233,2.450000,-1.050000,-1.820000,-55.433086,68.255096,-43.743866
1381877,-9.021263,3.759259,0.892555,2.870000,-0.490000,-2.030000,-53.734814,67.982361,-42.401733
1381897,-9.006907,3.728151,0.863840,3.430000,0.000000,-1.960000,-54.660973,70.541779,-41.100712
1381917,-9.030835,3.759259,0.847089,3.850000,0.700000,-1.960000,-55.365829,69.589386,-42.105934
1381937,-9.016478,3.759259,0.811196,4.130000,1.120000,-1.960000,-56.915546,68.494476,-44.812988
1381957,-9.006907,3.795152,0.772909,4.690000,1.610000,-2.030000,-57.219555,69.348610,-44.238987
1381977,-8.987762,3.776009,0.689158,4.620000,1.960000,-2.170000,-55.412498,69.859352,-42.338139
1381997,-9.006907,3.759259,0.653264,4.830000,2.170000,-2.030000,-53.826397,70.122566,-42.021732
1382017,-8.994942,3.759259,0.626942,5.180000,2.100000,-2.240000,-55.680119,69.881790,-44.154781
1382037,-8.951869,3.776009,0.595834,5.040000,1.960000,-2.240000,-57.329548,71.764725,-43.249210
1382057,-9.023657,3.790366,0.588655,4.900000,1.820000,-2.310000,-55.751228,69.106247,-43.590855
1382077,-9.009299,3.776009,0.576691,4.550000,1.540000,-2.310000,-54.157028,68.051041,-42.667103
1382097,-9.071514,3.795152,0.581477,4.690000,1.190000,-2.380000,-54.057663,68.832527,-42.389050
1382117,-9.011692,3.835832,0.636514,4.550000,1.260000,-2.310000,-57.535946,71.800056,-43.241566
1382137,-8.954262,3.773616,0.631728,4.900000,1.680000,-2.170000,-56.474922,68.149887,-45.157394
1382157,-8.982977,3.792759,0.595834,5.460000,2.380000,-2.240000,-55.995731,68.853775,-45.876945
1382177,-8.956655,3.768830,0.500118,6.090000,2.870000,-2.380000,-54.563789,69.443108,-42.838165
1382197,-8.994942,3.847796,0.485760,6.650000,2.870000,-2.520000,-56.009003,69.410545,-43.955742
1382217,-8.975799,3.802331,0.485760,6.440000,2.730000,-2.870000,-56.050957,69.681496,-44.047619
1382237,-8.994942,3.764045,0.488153,6.580000,2.870000,-3.010000,-56.735653,70.053482,-44.818207
1382257,-9.004513,3.768830,0.521654,7.070000,3.220000,-3.080000,-54.773579,70.797859,-43.297539
1382277,-8.999727,3.766437,0.454653,7.280000,3.500000,-3.220000,-56.942833,73.568268,-42.090977
1382297,-8.927940,3.701829,0.363722,7.350000,3.360000,-3.220000,-55.464306,69.848442,-43.881767
1382317,-8.961441,3.742508,0.335007,7.350000,3.080000,-3.360000,-55.414249,68.259064,-43.182549
1382337,-9.049978,3.749687,0.366115,7.210000,2.660000,-3.430000,-54.849392,70.021332,-42.873940
1382357,-9.071514,3.711401,0.469010,6.580000,2.450000,-3.150000,-56.853428,69.547905,-44.486481
1382377,-9.033228,3.677900,0.495332,6.300000,2.590000,-2.800000,-54.780930,68.156044,-42.784492
1382397,-9.035621,3.606112,0.363722,6.020000,2.660000,-2.520000,-56.298882,70.267654,-42.960751
1382417,-9.066729,3.759259,0.421152,6.230000,2.730000,-2.380000,-55.578575,72.543442,-41.861225
1382437,-9.049978,3.694650,0.366115,6.790000,2.660000,-2.380000,-54.449085,67.027977,-43.687614
1382457,-9.023657,3.668328,0.320650,6.440000,2.240000,-2.520000,-55.952915,69.142570,-43.442879
1382477,-9.049978,3.620470,0.311078,6.160000,1.890000,-2.240000,-55.911388,68.591743,-44.522102
1382497,-9.009299,3.675507,0.320650,6.020000,1.680000,-1.960000,-54.148922,66.732597,-42.059753
1382517,-9.042800,3.737722,0.306292,6.160000,1.750000,-1.890000,-56.155491,68.138351,-41.797119
1382537,-9.030835,3.699436,0.279970,6.020000,1.960000,-2.240000,-54.992466,67.910500,-44.088276
1382557,-8.994942,3.776009,0.272792,6.020000,1.960000,-2.380000,-54.071362,69.109428,-41.638943
1382577,-8.990156,3.776009,0.299114,5.810000,2.100000,-2.940000,-57.402401,69.388893,-43.529690
1382597,-8.982977,3.749687,0.320650,5.670000,2.170000,-3.290000,-54.168545,70.208099,-39.901489
1382617,-9.026050,3.720972,0.404401,5.880000,2.590000,-3.500000,-56.410305,66.843353,-42.866089
1382637,-9.002120,3.756866,0.428331,5.950000,3.220000,-3.640000,-58.954647,70.173157,-44.361568
1382657,-9.006907,3.673114,0.406794,5.880000,3.710000,-3.570000,-53.720253,68.265205,-40.809647
1382677,-9.026050,3.709008,0.342186,6.020000,4.200000,-3.640000,-55.401436,66.941612,-42.434872
1382697,-9.035621,3.682686,0.272792,5.880000,4.620000,-3.640000,-57.016121,70.912575,-43.542553
1382717,-9.066729,3.661149,0.241684,5.810000,4.620000,-3.570000,-54.920067,69.525665,-41.138916
1382737,-9.054764,3.711401,0.119645,5.810000,4.550000,-3.570000,-55.238640,70.096954,-42.156998
1382757,-9.033228,3.725758,0.078966,5.600000,4.270000,-3.780000,-53.857185,71.995789,-40.988537
1382777,-9.069121,3.675507,0.014357,5.180000,3.850000,-3.990000,-55.233498,70.377815,-40.845570
1382797,-9.059550,3.591755,-0.052644,4.760000,3.010000,-3.990000,-54.706001,67.892021,-41.710308
1382817,-9.076301,3.572612,-0.093323,4.270000,2.030000,-3.920000,-55.941425,66.504715,-42.368515
1382837,-9.164838,3.505610,-0.052644,3.360000,0.980000,-3.780000,-55.567085,69.905586,-40.786861
1382857,-9.097836,3.474503,-0.050251,2.660000,0.210000,-3.290000,-55.072559,67.412857,-42.633907
1382877,-9.131337,3.450573,-0.011965,2.030000,-0.420000,-2.450000,-54.446476,69.188019,-40.501011
1382897,-9.143302,3.503217,-0.031108,1.540000,-0.980000,-1.680000,-55.908886,66.231781,-42.557301
1382917,-9.176803,3.577398,0.045465,1.120000,-1.540000,-1.400000,-56.661160,69.509598,-44.915115
1382937,-9.128944,3.603719,0.131610,1.120000,-1.820000,-0.980000,-55.649792,67.247894,-42.519100
1382957,-9.057158,3.610898,0.172289,1.260000,-1.820000,-0.980000,-54.122307,69.658264,-40.840382
1382977,-9.030835,3.653971,0.143574,1.400000,-1.400000,-1.190000,-54.282040,69.423637,-40.600533
1382997,-9.033228,3.618077,0.131610,2.310000,-1.260000,-1.400000,-56.415443,66.562492,-44.177513
1383017,-9.061943,3.630042,0.095716,2.660000,-1.330000,-1.540000,-56.140041,69.461739,-41.702816
1383037,-9.083479,3.697043,0.150753,2.520000,-1.680000,-1.540000,-56.086914,70.793060,-40.485870
1383057,-9.095444,3.634827,0.165111,2.380000,-1.750000,-1.540000,-55.563240,69.346832,-42.988724
1383077,-9.097836,3.615684,0.177075,2.240000,-1.820000,-1.260000,-53.889832,67.748718,-42.021553
1383097,-9.090658,3.665935,0.201004,2.030000,-1.960000,-1.260000,-56.647491,68.751907,-41.825245
1383117,-9.047585,3.661149,0.205790,1.820000,-2.030000,-1.190000,-53.599091,67.451355,-40.674355
1383137,-9.059550,3.642006,0.210576,1.820000,-1.960000,-1.120000,-54.831871,68.704880,-41.985931
1383157,-9.066729,3.625256,0.239291,1.610000,-2.030000,-1.260000,-55.004414,69.787697,-42.493759
1383177,-9.093051,3.615684,0.301506,1.610000,-2.030000,-1.330000,-57.638809,67.817993,-45.208435
1383197,-9.102622,3.579791,0.394830,1.470000,-2.030000,-1.190000,-55.952915,69.142570,-43.442879
1383217,-9.102622,3.548683,0.449867,1.540000,-1.680000,-1.050000,-56.778503,69.283897,-43.412296
1383237,-9.109801,3.642006,0.399616,1.890000,-1.050000,-0.980000,-56.005611,68.091125,-43.488724
1383257,-9.097836,3.627649,0.399616,2.450000,-0.350000,-1.190000,-54.205013,67.000580,-42.572617
1383277,-9.059550,3.670721,0.363722,3.010000,0.000000,-1.470000,-55.258797,68.772575,-42.391628
1383297,-9.109801,3.687471,0.289542,3.430000,0.280000,-1.680000,-58.189854,70.298820,-45.045345
1383317,-9.069121,3.651578,0.299114,3.640000,0.420000,-1.960000,-56.516022,68.980583,-42.907078
1383337,-9.045193,3.615684,0.270399,3.920000,0.560000,-2.170000,-56.200836,69.728722,-42.356010
1383357,-9.100229,3.625256,0.246470,3.850000,0.700000,-2.240000,-54.548019,66.526367,-42.794567
1383377,-9.061943,3.620470,0.291935,3.640000,0.630000,-2.170000,-55.717827,69.393059,-41.437447
1383397,-9.064336,3.589362,0.260827,3.640000,0.700000,-1.890000,-55.971672,73.177811,-38.942421
1383417,-9.049978,3.697043,0.282363,3.430000,0.630000,-2.030000,-54.443947,67.308846,-42.376186
1383437,-9.049978,3.618077,0.215362,3.220000,0.280000,-2.170000,-54.590302,71.037445,-42.835735
1383457,-9.049978,3.591755,0.193826,3.500000,0.210000,-2.100000,-56.301842,71.866951,-42.256668
1383477,-9.047585,3.606112,0.083752,3.990000,-0.070000,-1.890000,-55.906246,68.872612,-43.210674
1383497,-9.018870,3.625256,0.043072,3.920000,-0.840000,-1.820000,-53.447029,69.284294,-40.350456
1383517,-9.069121,3.630042,-0.038287,3.290000,-1.960000,-1.960000,-56.568604,72.449135,-41.731125
1383537,-9.042800,3.620470,0.026322,2.520000,-2.940000,-1.820000,-54.922676,67.365623,-44.325516
1383557,-9.054764,3.642006,0.227326,1.890000,-3.360000,-1.820000,-53.248734,70.567398,-40.965446
1383577,-9.061943,3.670721,0.358936,1.540000,-3.080000,-1.750000,-55.963650,67.820175,-43.396851
1383597,-9.054764,3.670721,0.461831,1.680000,-2.310000,-1.960000,-54.734261,67.886078,-42.552288
1383617,-9.090658,3.670721,0.528833,2.730000,-1.260000,-2.100000,-55.782906,69.938927,-41.059875
1383637,-9.064336,3.677900,0.559941,3.430000,-0.350000,-2.730000,-56.272373,68.673309,-42.963181
1383657,-9.069121,3.618077,0.588655,4.410000,0.700000,-3.150000,-54.484589,68.900215,-42.794750
1383677,-9.088264,3.570219,0.576691,4.760000,1.540000,-3.150000,-55.651539,65.647606,-43.363506
1383697,-9.116980,3.584576,0.507297,5.250000,2.450000,-3.080000,-56.551086,71.132690,-40.843117
