Timestamp,acc_x,acc_y,acc_z,gyro_x,gyro_y,gyro_z,magn_x,magn_y,magn_z,Id,Time
5126,-0.150753,1.873647,9.710421,9.87,-2.52,2.24,-80.189583,-67.823204,-75.270164,273,5.126
5146,-0.169896,1.789895,9.913818,7.7,-2.45,1.47,-80.818619,-67.999062,-76.698982,274,5.146
5166,-0.203397,1.46446,10.248825,8.89,-1.54,0.7,-78.566231,-67.831924,-75.002213,275,5.166
5181,-0.282363,2.091402,9.789387,9.1,-1.47,0.7,-78.999184,-69.08564,-75.221558,276,5.181
5201,-0.20579,1.962185,10.066964,8.54,-2.87,0.63,-79.154205,-69.319283,-74.84137,277,5.201
5221,0.071787,2.246941,9.98082,9.73,-3.01,0.35,-78.314491,-69.457634,-74.450966,278,5.221
5241,-0.102895,2.115331,9.818102,7.42,-2.66,0.0,-83.530045,-67.545708,-77.441574,279,5.241
5256,-0.174682,1.902362,9.727171,2.24,-3.01,0.07,-78.412537,-68.918701,-75.055702,280,5.256
5276,-0.780088,1.615213,10.12918,1.75,-3.57,0.07,-77.563393,-69.055069,-74.384636,281,5.276
5296,-0.270399,1.677429,10.208146,7.49,-3.71,-0.14,-77.068329,-66.747925,-73.838783,282,5.296
5316,0.136396,2.112938,10.12918,11.55,-2.59,0.84,-78.576973,-69.15432,-74.956184,283,5.316
5331,-0.169896,2.234976,9.947319,14.0,-1.96,1.19,-78.05793,-66.562347,-72.53759,284,5.331
5351,-0.198611,2.129688,9.846817,11.55,-2.24,1.68,-77.957352,-68.980446,-73.808022,285,5.351
5371,0.177075,2.306763,9.679314,7.21,-2.31,1.05,-79.617485,-67.93911,-76.696396,286,5.371
5391,-0.086145,2.211047,9.691278,2.94,-1.61,0.35,-80.015724,-67.585602,-75.089027,287,5.391
5406,-0.289542,2.096188,9.858782,1.96,-1.61,-0.77,-78.69342,-68.339485,-74.951149,288,5.406
5426,-0.464224,1.981328,9.949712,3.78,-2.17,-1.19,-81.198448,-67.921463,-75.701378,289,5.426
5446,-0.145967,2.077044,10.270362,5.46,-1.68,-0.42,-78.402679,-68.636848,-73.603951,290,5.446
5466,-0.356543,2.089009,10.222504,9.73,-1.4,0.28,-80.825859,-66.120888,-74.964134,291,5.466
5481,-0.145967,2.357014,9.856388,10.43,-1.75,1.19,-78.651031,-68.330566,-73.688179,292,5.481
5501,-0.028715,2.325907,9.839638,10.36,-2.59,1.54,-76.606361,-69.448509,-71.657066,293,5.501
5521,-0.268006,2.026793,9.600348,10.57,-2.24,1.75,-79.190132,-67.726921,-75.119606,294,5.521
5541,-0.387651,2.414444,9.803744,8.96,-2.52,1.26,-78.687401,-67.018082,-75.137505,295,5.541
5556,0.01675,2.548447,9.84921,5.32,-3.08,0.84,-80.675117,-65.608368,-74.313553,296,5.556
5576,-0.081359,2.266084,9.885103,4.06,-1.89,0.98,-78.214691,-68.396271,-73.001816,297,5.576
5596,-0.153146,2.428802,10.069357,6.79,-1.75,1.33,-80.461487,-67.521873,-76.056038,298,5.596
5616,-0.41158,2.010043,9.976034,8.68,-1.96,2.45,-79.216324,-70.372711,-75.167877,299,5.616
5631,-0.519261,2.309156,9.973641,14.07,-2.94,3.08,-79.850853,-67.070107,-74.017441,300,5.631
5651,0.0,2.555626,9.98082,15.4,-3.43,3.22,-79.811073,-69.221214,-75.941078,301,5.651
5671,0.093323,2.976778,9.593168,10.64,-3.36,2.94,-81.865952,-64.625793,-75.533257,302,5.671
5691,-0.002393,2.56759,9.595561,7.07,-2.73,2.03,-80.126259,-69.969353,-76.492142,303,5.691
5706,-0.571905,2.110545,9.889889,9.52,-1.96,1.33,-76.180298,-70.075943,-73.593567,304,5.706
5726,-0.062216,2.615448,9.861175,12.39,-2.03,0.98,-78.551674,-67.54908,-73.410126,305,5.726
5746,-0.004786,2.88824,9.779816,11.48,-1.68,0.84,-80.118042,-66.767792,-74.662994,306,5.746
5766,-0.098109,2.995921,9.657777,4.48,-2.1,0.91,-79.568642,-66.328911,-74.448692,307,5.766
5782,-0.047858,2.701593,9.669742,-0.49,-2.38,0.56,-78.85009,-65.653412,-74.193581,308,5.782
5802,0.119645,2.711165,9.961677,0.28,-1.61,0.7,-80.392906,-64.867157,-74.744797,309,5.802
5822,-0.098109,2.859525,10.040643,6.72,-1.54,1.05,-78.795319,-67.241806,-73.354019,310,5.822
5842,0.145967,3.572612,9.928176,6.65,-2.17,1.82,-80.919197,-65.580963,-75.428543,311,5.842
5857,0.514475,4.580026,9.844424,-3.64,-5.81,3.57,-78.662209,-69.932838,-74.813248,312,5.857
5877,2.033972,5.778873,9.566847,-42.349998,-9.45,6.79,-77.431061,-68.266647,-73.124268,313,5.877
5897,2.316335,6.417779,11.923861,-60.830002,-5.39,2.87,-78.042473,-65.238953,-72.443283,314,5.897
5917,4.120588,13.598897,12.036327,-26.32,3.71,-26.32,-79.5177,-66.877747,-75.247246,315,5.917
5932,2.835596,8.217246,14.713992,-114.730003,14.49,-46.900002,-79.593941,-67.934151,-75.994743,316,5.932
5952,0.799231,12.287583,14.484273,-226.169998,30.309999,-65.870003,-75.78624,-65.630562,-72.94838,317,5.952
5972,3.711401,-3.938727,16.920254,-323.679993,59.709999,-70.07,-78.898933,-67.263611,-76.441284,318,5.972
5992,3.69465,0.203397,20.559866,-142.589996,99.959999,-93.590004,-76.438942,-70.33139,-76.300652,319,5.992
6007,3.192139,-4.364665,20.791979,-58.099998,128.800003,-97.93,-79.245552,-75.458405,-79.573853,320,6.007
6027,1.696572,-5.881768,23.728077,80.150002,156.380005,-97.650002,-82.53717,-73.570709,-79.497551,321,6.027
6047,1.131845,-0.402009,24.285624,159.389999,191.520004,-102.760002,-82.600929,-71.704422,-79.446663,322,6.047
6067,-0.064609,0.729837,22.239687,138.320007,229.600006,-101.5,-87.398117,-69.302429,-79.970032,323,6.067
6082,-1.569748,-4.218697,17.410799,100.099998,258.790009,-89.25,-91.450676,-68.099144,-81.411819,324,6.082
6102,-3.017457,-8.339285,11.818573,124.949997,270.970001,-72.169998,-94.420761,-68.382027,-81.021515,325,6.102
6122,-3.522361,-8.222033,9.057158,189.699997,268.380005,-59.010002,-96.480797,-64.548271,-78.085136,326,6.122
6142,-3.804724,-7.891811,6.211989,213.570007,257.880005,-47.810001,-101.903641,-63.641563,-79.57032,327,6.142
6157,-4.173232,-9.763065,4.077516,219.380005,244.649994,-30.24,-102.245789,-63.55603,-77.450073,328,6.157
6177,-3.862154,-8.090423,0.581477,209.860001,229.460007,-10.01,-106.970695,-64.058876,-76.245888,329,6.177
6197,-4.173232,-8.485252,-3.498432,196.770004,211.539993,7.77,-112.766365,-56.673405,-73.35582,330,6.197
6217,-4.450809,-6.063629,-5.929626,213.570007,184.380005,16.940001,-114.101608,-59.602879,-71.623199,331,6.217
6232,-4.520204,-4.161267,-7.774559,221.410004,151.270004,19.32,-114.74733,-58.383335,-67.757851,332,6.232
6252,-4.536954,-0.835125,-8.760436,212.309998,115.989998,16.1,-118.258186,-55.623665,-64.581604,333,6.252
6272,-4.704457,-0.650871,-9.253376,167.160004,76.860001,14.91,-117.524208,-54.105579,-60.392212,334,6.272
6292,-4.094266,1.009807,-9.262947,122.290001,34.790001,16.1,-117.628204,-50.84885,-55.748821,335,6.292
6307,-4.340735,2.562804,-8.781973,64.400002,-6.16,19.460001,-117.027527,-55.19894,-56.383781,336,6.307
6327,-3.816688,2.586734,-6.848503,15.12,-39.549999,19.040001,-117.065132,-51.167664,-52.444649,337,6.327
6347,-3.47211,3.378786,-3.984192,-18.549999,-62.93,12.95,-115.837479,-52.702053,-52.444489,338,6.347
6367,-3.658756,3.697043,-2.091402,-56.490002,-79.519997,5.95,-118.453789,-50.707523,-55.718239,339,6.367
6382,-3.73533,3.878904,0.902126,-77.349998,-88.620003,0.98,-114.641808,-48.682827,-53.702625,340,6.382
6402,-4.201947,3.189746,3.496039,-85.610001,-90.300003,-2.1,-114.782349,-52.672829,-56.792141,341,6.402
6422,-5.190217,3.766437,6.173703,-80.080002,-89.669998,-0.98,-115.373711,-52.840763,-57.09832,342,6.422
6442,-5.920054,4.017693,8.226818,-69.440002,-86.239998,3.29,-114.46714,-51.443886,-60.081047,343,6.442
6457,-6.683393,4.568061,10.138752,-52.150002,-77.559998,8.19,-114.577675,-53.827648,-61.484177,344,6.457
6477,-7.102151,5.853053,10.739371,-34.439999,-65.940002,10.78,-113.901077,-52.881207,-61.32093,345,6.477
6497,-7.441944,6.633141,11.373492,-26.040001,-53.619999,11.69,-111.761719,-52.737854,-62.992081,346,6.497
6517,-6.669035,5.350543,11.81618,-21.35,-37.869999,11.34,-113.121696,-51.991894,-64.252594,347,6.517
6533,-6.642713,4.982035,11.196417,-9.45,-20.16,12.11,-111.026939,-54.218433,-65.362251,348,6.533
6553,-7.925312,3.244783,9.181588,11.13,-6.09,14.35,-112.031097,-54.315704,-65.653137,349,6.553
6573,-7.788916,5.546761,7.245726,38.43,0.0,14.63,-112.082474,-54.046734,-66.025673,350,6.573
6593,-7.987527,4.194768,6.068415,43.540001,3.15,13.440001,-110.921539,-52.115536,-65.270561,351,6.593
6608,-7.626198,2.747058,4.256983,31.5,4.13,17.57,-109.815521,-53.596748,-62.736816,352,6.608
6628,-7.674056,0.914091,0.124431,21.42,-7.49,26.74,-114.829826,-52.001011,-67.046494,353,6.628
6648,-4.91264,-3.670721,-1.237134,17.290001,-30.940001,49.77,-112.246483,-54.002483,-64.755058,354,6.648
6668,-3.874118,-5.254826,-3.754473,-22.82,-64.540001,86.309998,-111.423859,-52.544502,-64.081558,355,6.668
6683,-3.991371,-4.18041,-5.786052,-94.57,-109.410004,126.279999,-109.847168,-52.283264,-64.045815,356,6.683
6703,-2.129688,-9.176803,-2.21344,-131.529999,-145.809998,150.779999,-109.202225,-50.023346,-65.191574,357,6.703
6723,-0.619763,-3.917191,0.480975,-112.770004,-159.529999,152.460007,-104.903923,-53.69294,-66.852165,358,6.723
6743,-1.184489,-1.320885,7.102151,-117.25,-146.720001,145.389999,-102.654465,-51.445709,-68.291283,359,6.743
6758,-2.462302,3.711401,8.918368,-182.839996,-130.899994,136.919998,-97.871834,-54.130554,-69.360001,360,6.758
6778,-0.861447,4.580026,11.567318,-219.940002,-122.709999,120.400002,-97.863701,-54.968189,-72.592628,361,6.778
6798,-0.734623,7.587912,14.996355,-208.880005,-118.020004,101.360001,-95.38562,-54.071747,-73.01107,362,6.798
6818,-0.124431,6.424958,16.759928,-251.160004,-108.919998,87.290001,-90.615044,-59.39941,-73.707069,363,6.818
6833,0.385258,7.834381,24.42202,-228.059998,-84.139999,62.16,-89.069687,-62.064823,-75.031021,364,6.833
6853,-1.005021,6.563747,25.070498,-220.850006,-49.630001,43.259998,-88.480942,-64.056931,-77.911446,365,6.853
6873,-2.187118,4.965284,24.847958,-143.430008,-24.219999,34.369999,-88.833366,-64.533127,-78.414055,366,6.873
6893,-2.170368,7.85831,25.348076,-16.309999,-11.34,26.530001,-85.907883,-66.620117,-78.242867,367,6.893
6908,-2.725522,10.756122,20.114786,59.010002,-2.31,22.75,-87.264465,-67.193588,-79.036362,368,6.908
6928,-3.027029,10.643655,15.214109,84.699997,6.16,10.85,-86.749451,-72.602066,-80.699486,369,6.928
6948,-3.342893,7.719522,11.311276,71.050003,16.030001,-10.78,-86.674736,-64.105934,-78.352791,370,6.948
6968,-3.496039,3.878904,6.84611,53.130001,23.030001,-33.599998,-86.751869,-66.202888,-77.602501,371,6.968
6983,-2.938491,-0.497725,5.879375,42.139999,22.469999,-46.060001,-85.958397,-65.791405,-76.273209,372,6.983
7003,-1.648714,-3.230426,3.278284,22.190001,16.940001,-40.040001,-89.70562,-64.121849,-78.615677,373,7.003
7023,-0.99545,-6.080379,2.182332,-0.91,2.17,-17.85,-89.572083,-66.533005,-78.903809,374,7.023
7043,-0.892555,-5.431901,2.474267,-10.78,-18.41,9.52,-88.012054,-64.395576,-77.413872,375,7.043
7058,-1.732466,-5.017928,3.919584,-21.35,-35.84,30.450001,-87.381805,-67.419296,-77.533539,376,7.058
7078,-2.141653,-2.055508,4.905462,-19.74,-45.57,39.130001,-87.646362,-64.476151,-78.832466,377,7.078
7098,-1.703751,0.291935,6.652285,-41.860001,-51.170002,41.720001,-86.953568,-66.166565,-77.454529,378,7.098
7118,-1.696572,1.737251,8.490038,-50.68,-57.75,40.389999,-86.094543,-65.540276,-79.171684,379,7.118
7133,-1.256277,4.544132,10.58144,-54.110001,-66.989998,37.450001,-86.02861,-65.526398,-77.207062,380,7.133
7153,-1.268241,3.385965,12.991098,-55.650002,-72.940002,37.59,-84.352669,-69.003677,-78.115067,381,7.153
7173,-0.88059,4.572847,14.740314,-56.209999,-74.340004,37.59,-82.24588,-69.068192,-75.757446,382,7.173
7193,-0.423545,4.879139,15.283504,-45.360001,-65.519997,31.85,-80.051331,-70.233368,-75.417953,383,7.193
7208,-0.409187,3.608505,15.405542,-31.57,-49.139999,23.940001,-81.933311,-70.480087,-78.39299,384,7.208
7228,-1.416602,3.405108,14.524952,0.28,-32.41,14.35,-79.025803,-72.011299,-76.440926,385,7.228
7248,-2.022007,4.379022,12.254083,18.129999,-20.93,6.3,-81.92347,-70.198235,-76.941231,386,7.248
7268,-0.715479,2.986349,10.413936,11.13,-16.66,3.92,-79.634254,-70.582909,-76.46402,387,7.268
7284,-1.313707,2.045936,9.66017,-2.03,-15.61,5.18,-79.777328,-72.693741,-77.678352,388,7.284
7304,-1.969363,-1.186882,9.830067,5.04,-13.440001,5.25,-78.82708,-70.448326,-75.884827,389,7.304
7324,-0.392437,0.284756,8.801116,24.15,-12.11,7.35,-78.524704,-68.382751,-76.081436,390,7.324
7344,-0.545583,0.311078,8.437394,16.66,-14.14,12.81,-79.741295,-69.76609,-76.178314,391,7.344
7359,0.019143,1.021772,9.516596,11.9,-13.93,12.53,-78.668663,-71.534111,-75.797981,392,7.359
7379,-0.217755,1.368743,9.619491,11.2,-12.6,10.57,-82.049339,-69.385376,-77.21685,393,7.379
7399,0.373294,1.543426,10.382828,20.16,-14.14,8.26,-79.083107,-68.543739,-75.405296,394,7.399
7419,0.729837,3.56304,11.074379,28.210001,-13.3,5.11,-79.318642,-69.554901,-74.741844,395,7.419
7434,-0.033501,2.713558,12.148794,17.57,-7.91,0.98,-82.268112,-67.752731,-76.785789,396,7.434
7454,-0.315864,2.352229,11.780287,2.66,-1.47,-1.47,-77.467102,-71.194283,-74.624306,397,7.454
7474,-0.564726,2.414444,10.58144,-7.49,2.45,-1.12,-81.035759,-69.286125,-76.645309,398,7.474
7494,-0.540797,2.165582,9.930569,-3.29,1.89,-0.14,-79.455688,-70.344315,-76.14254,399,7.494
7509,-0.186647,1.76118,9.605133,-2.73,0.07,1.12,-81.138084,-68.468315,-76.219284,400,7.509
7529,-0.677193,1.098345,9.344306,0.7,-0.77,1.12,-77.073151,-71.268913,-75.200912,401,7.529
7549,-0.576691,1.409423,9.126552,8.47,-2.87,0.35,-80.430267,-69.115219,-75.918137,402,7.549
7569,-0.492939,0.631728,9.657777,14.84,-5.6,1.47,-77.332245,-72.285027,-75.23912,403,7.569
7584,0.100502,2.325907,10.086107,16.1,-6.37,1.82,-80.955231,-68.508606,-76.928574,404,7.584
7604,-0.421152,1.428566,10.208146,9.94,-5.25,2.87,-79.159348,-69.600143,-76.152794,405,7.604
7624,-0.346972,1.902362,10.203361,10.85,-4.48,2.59,-80.925659,-67.182243,-76.413284,406,7.624
7644,0.071787,2.431195,10.215324,10.64,-4.97,2.24,-83.184074,-68.670784,-77.923698,407,7.644
7659,-0.172289,1.947827,9.901854,11.27,-5.11,1.75,-79.217964,-67.452995,-74.790489,408,7.659
7679,-0.081359,2.380944,10.002356,14.35,-4.69,0.28,-78.92469,-69.629524,-75.318466,409,7.679
7699,-0.385258,1.581712,9.95689,18.34,-4.62,-1.4,-79.256966,-68.781342,-75.586441,410,7.699
7719,-0.540797,1.617606,8.920761,22.049999,-6.44,-0.35,-78.117943,-69.774818,-75.910362,411,7.719
7734,-0.69155,1.878433,9.698457,27.02,-9.94,1.89,-79.033478,-70.412994,-75.877174,412,7.734
7754,-0.574298,1.916719,9.983212,25.48,-10.99,3.29,-80.473434,-65.644691,-74.461517,413,7.754
7774,-0.289542,2.6992,10.18661,22.610001,-9.03,2.24,-79.216217,-65.852715,-73.946075,414,7.774
7794,-0.093323,3.07728,10.222504,13.440001,-5.11,0.28,-81.838127,-64.899712,-75.862366,415,7.794
7809,0.002393,2.47666,10.241647,8.12,-2.59,-0.63,-78.999184,-69.08564,-75.221558,416,7.809
7829,0.026322,2.325907,9.880318,10.01,-1.96,0.35,-77.55825,-68.774208,-73.073212,417,7.829
7849,-0.253648,2.452731,9.715207,14.0,-3.92,1.89,-77.497887,-69.321068,-73.59111,418,7.849
7869,-0.390044,2.378551,9.995177,13.65,-5.67,2.66,-79.481766,-68.470108,-74.969025,419,7.869
7884,-0.236898,2.603484,9.889889,8.33,-5.39,2.59,-81.69516,-67.308899,-75.869835,420,7.884
7904,-0.215362,2.263691,9.765458,9.03,-5.18,1.96,-80.104347,-67.044685,-75.413101,421,7.904
7924,-0.203397,2.749451,9.743921,11.13,-5.53,2.24,-81.676643,-63.0648,-75.257813,422,7.924
7944,-0.366115,2.730308,9.748708,6.93,-5.39,1.54,-78.805168,-67.523659,-74.805779,423,7.944
7959,-0.050251,2.459909,10.246432,4.9,-4.06,1.05,-79.805054,-67.899811,-76.127434,424,7.959
7979,-0.445081,2.802095,9.853995,5.39,-2.94,1.4,-79.158913,-69.320274,-74.981705,425,7.979
7999,-0.086145,2.943277,9.681706,2.66,-3.5,2.1,-78.741302,-64.869934,-73.634865,426,7.999
8019,0.050251,3.170603,9.894675,6.09,-4.2,1.54,-82.126793,-67.242203,-76.415871,427,8.019
8035,0.457045,4.201947,10.495295,1.19,-3.43,0.42,-80.046944,-65.992249,-75.226921,428,8.035
8055,0.765731,4.606348,11.311276,-15.82,1.12,-2.45,-77.646881,-68.233299,-73.397285,429,8.055
8075,0.902126,5.123216,11.493137,-34.23,8.33,-8.26,-78.157715,-67.623703,-73.986732,430,8.075
8095,1.076809,6.149774,11.768322,-43.889999,14.98,-13.86,-79.945938,-68.13047,-75.326263,431,8.095
8110,3.065315,8.377571,12.993491,-64.68,22.049999,-20.58,-78.424911,-67.321388,-74.632278,432,8.11
8130,3.043779,15.084892,13.448143,-112.419998,29.610001,-33.459999,-77.907616,-66.329704,-73.058098,433,8.13
8150,3.831046,9.751101,18.736471,-155.960007,44.869999,-53.060001,-79.880432,-68.396469,-74.532738,434,8.15
8170,4.142124,0.670014,21.421312,-125.720001,71.68,-73.779999,-79.783249,-69.49514,-76.270195,435,8.17
8185,3.646792,6.429744,20.614902,36.330002,101.220001,-114.940002,-77.731659,-68.251137,-75.923225,436,8.185
8205,3.644399,1.206026,20.835051,78.68,136.710007,-131.880005,-82.844139,-71.117271,-78.219467,437,8.205
8225,2.225405,1.385494,20.124357,109.340004,170.520004,-141.399994,-84.939758,-69.450485,-79.452011,438,8.225
8245,0.504904,-2.562804,19.329912,69.510002,194.460007,-141.119995,-86.044914,-67.409531,-79.643555,439,8.245
8260,-1.265848,-7.154795,17.846308,77.419998,211.190002,-131.320007,-89.871811,-65.957748,-79.360573,440,8.26
8280,-1.569748,-5.565904,14.891068,132.440002,224.839996,-120.470001,-93.512466,-65.865677,-79.319862,441,8.28
8300,-3.11078,-8.207675,11.564925,175.490005,235.619995,-98.840004,-95.846161,-63.330879,-78.013771,442,8.3
8320,-3.790366,-5.996628,9.784601,196.770004,240.309998,-72.379997,-100.39193,-58.314457,-77.935196,443,8.32
8335,-5.7023,-8.808294,5.92484,202.720001,238.910004,-46.900002,-103.912735,-60.356636,-77.432503,444,8.335
8355,-7.083008,-8.262712,1.598463,213.5,222.809998,-26.880001,-105.74929,-58.154537,-74.786865,445,8.355
8375,-6.058843,-6.223954,-1.177311,223.020004,199.919998,-13.440001,-109.830132,-57.438004,-73.230659,446,8.375
8395,-5.407972,-4.412522,-4.029657,222.809998,182.630005,-10.15,-111.752708,-52.534946,-67.722496,447,8.395
8410,-5.829124,-2.498196,-6.281384,199.009995,157.5,-7.98,-113.789307,-53.216236,-65.306274,448,8.41
8430,-5.149538,-2.359407,-7.48741,168.559998,122.5,-3.15,-112.30777,-54.976959,-58.899395,449,8.43
8450,-3.933941,-1.572141,-8.056922,136.570007,84.139999,0.14,-117.327118,-49.62289,-59.458717,450,8.45
8470,-3.050958,0.076573,-8.571397,88.340004,45.150002,5.88,-113.249298,-49.701721,-52.630901,451,8.47
8485,-3.330928,1.225169,-7.52091,53.689999,8.89,11.27,-117.35202,-51.429058,-55.993706,452,8.485
8505,-3.163424,2.086616,-6.31967,17.92,-23.309999,14.21,-116.679703,-50.203732,-54.799698,453,8.505
8525,-3.218461,3.223247,-4.245019,-22.82,-48.93,12.88,-115.070511,-50.696228,-51.112762,454,8.525
8545,-3.522361,3.986585,-1.904755,-62.439999,-67.059998,8.12,-116.600922,-51.026497,-55.92738,455,8.545
8560,-4.0153,3.455359,-0.002393,-93.169998,-78.540001,3.99,-115.858391,-50.066174,-53.799515,456,8.56
8580,-5.206968,3.560647,2.469481,-96.32,-85.75,1.4,-113.966179,-52.816135,-57.103382,457,8.58
8600,-5.467795,4.101444,4.709243,-85.120003,-91.980003,1.54,-114.615707,-50.076244,-58.716129,458,8.6
8620,-5.601798,4.087087,7.942062,-80.360001,-91.209999,4.48,-113.239075,-52.698402,-58.909801,459,8.62
8635,-6.465638,4.300056,9.655384,-69.019997,-80.849998,9.94,-112.162918,-50.785049,-60.680626,460,8.635
8655,-7.413229,4.505846,10.330184,-55.720001,-70.07,15.54,-112.368103,-53.949306,-62.22147,461,8.655
8675,-7.906168,5.132788,10.746551,-33.529999,-60.689999,19.25,-111.705635,-53.005836,-62.479214,462,8.675
8695,-8.688649,7.207439,11.00977,-2.66,-50.470001,17.5,-110.276733,-54.856415,-63.798134,463,8.695
8710,-8.324927,7.231368,11.332812,8.68,-38.5,15.190001,-110.375641,-54.877235,-66.745064,464,8.71
8730,-8.523539,7.272048,10.971483,10.29,-24.639999,11.13,-108.71418,-54.598152,-64.18338,465,8.73
8750,-7.970777,7.193082,10.375649,10.15,-9.38,6.02,-109.279793,-52.400162,-65.612381,466,8.75
8770,-8.0306,6.118666,9.105016,5.25,3.01,2.1,-109.933266,-53.621529,-66.245071,467,8.77
8785,-7.374943,5.005964,8.023421,5.04,12.39,-0.77,-109.692146,-52.049629,-64.425995,468,8.785
8805,-7.171546,4.362271,6.793466,15.68,18.41,-3.22,-110.513565,-56.707191,-66.64798,469,8.805
8825,-6.834146,3.292642,5.752551,23.59,21.559999,-3.64,-109.265228,-52.117317,-64.020294,470,8.825
8845,-6.798252,3.50561,4.570455,26.880001,21.91,-3.22,-112.282837,-52.689991,-66.204384,471,8.845
8860,-6.743215,3.43143,3.938727,30.24,21.07,-3.01,-109.887489,-54.932034,-64.515083,472,8.86
8880,-7.016006,3.962656,3.096423,29.4,17.639999,-3.78,-109.499451,-51.80806,-63.683533,473,8.88
8900,-7.059079,4.065551,3.108388,22.540001,11.83,-4.55,-111.935905,-48.735332,-63.12252,474,8.9
8920,-6.956184,3.914798,3.046172,5.81,6.58,-3.85,-111.047882,-52.063351,-62.8773,475,8.92
8935,-6.891575,3.859761,3.43143,-4.62,2.52,-3.01,-110.855171,-51.821785,-62.134834,476,8.935
8955,-6.685785,4.0488,3.704222,-14.63,-0.56,-1.82,-110.451805,-51.894428,-62.43079,477,8.955
8975,-6.874825,3.646792,4.142124,-23.379999,-3.43,0.42,-109.674202,-53.086205,-62.366886,478,8.975
8995,-6.654677,3.778402,4.673349,-20.65,-6.3,5.25,-110.613289,-53.729351,-63.035351,479,8.995
9010,-6.939434,3.993764,5.197396,-19.32,-8.19,10.01,-111.104401,-52.075245,-64.561264,480,9.01
9030,-7.288798,4.673349,5.108859,-15.33,-9.59,12.25,-110.171349,-52.753517,-63.70644,481,9.03
9050,-7.70995,4.893497,6.054058,-4.48,-11.27,11.48,-110.264679,-52.213596,-64.170853,482,9.05
9070,-7.566375,5.64487,6.683393,7.14,-10.78,8.19,-109.430992,-53.673359,-63.594086,483,9.07
9085,-7.607055,6.204811,6.853289,1.26,-7.49,4.27,-111.005035,-51.293758,-64.283211,484,9.085
9105,-7.528089,5.541975,6.578104,-8.75,-3.64,1.12,-112.545326,-52.386681,-66.709602,485,9.105
9125,-7.238547,5.355328,6.484781,-5.74,-0.98,-3.5,-109.291313,-50.243103,-62.846767,486,9.125
9145,-6.946612,4.300056,7.212225,6.44,3.08,-6.65,-111.953529,-51.938877,-65.23233,487,9.145
9161,-6.860467,4.57524,6.752787,4.41,9.66,-6.58,-111.461533,-52.552433,-65.204201,488,9.161
9181,-6.82936,3.275891,5.807588,2.87,14.98,-3.5,-110.388908,-54.320461,-64.823868,489,9.181
9201,-7.336656,1.888005,3.48886,15.68,14.14,1.33,-111.014023,-51.015869,-63.392773,490,9.201
9221,-6.944219,1.318492,0.368508,46.900002,1.12,8.47,-109.924744,-54.660091,-64.466629,491,9.221
9236,-5.001178,-1.469246,-2.278049,45.779999,-24.85,25.48,-110.295143,-54.580509,-63.188358,492,9.236
9256,-2.242155,-2.703986,-6.470424,16.870001,-63.07,47.529999,-110.454765,-50.295132,-61.726711,493,9.256
9276,0.792053,-4.400558,-8.408679,-36.75,-108.220001,74.690002,-108.60836,-52.215378,-62.920589,494,9.276
9296,1.490782,-2.842775,-7.870275,-93.800003,-150.149994,98.0,-109.451469,-50.757607,-63.778015,495,9.296
9311,1.780324,-4.292877,-5.410365,-146.229996,-181.860001,100.660004,-105.42157,-50.925297,-64.535667,496,9.311
9331,1.964578,-4.926998,-1.093559,-179.759995,-199.5,92.470001,-103.612839,-52.853481,-66.852188,497,9.331
9351,0.746587,-5.527618,3.273498,-220.5,-203.279999,83.790001,-101.219643,-56.494888,-71.018364,498,9.351
9371,-0.308685,-6.970541,6.214382,-251.580002,-211.050003,87.989998,-97.568253,-55.264557,-71.105103,499,9.371
9386,0.521654,-9.574025,10.375649,-275.100006,-224.559998,101.43,-96.207466,-59.009182,-76.404144,500,9.386
9406,-0.318257,-11.1007,16.199987,-253.399994,-233.589996,125.230003,-93.17144,-58.712418,-74.829834,501,9.406
9426,0.93802,-8.188532,20.933161,-224.979996,-229.880005,150.220001,-90.16893,-63.222462,-76.63073,502,9.426
9446,2.931312,-5.29072,25.864944,-190.680008,-210.559998,167.649994,-86.117661,-65.265358,-78.70224,503,9.446
9461,4.962892,2.392908,28.710112,-160.440002,-179.059998,172.270004,-81.852791,-69.702568,-78.676254,504,9.461
9481,19.143265,16.082735,78.401237,-522.059998,95.900002,116.550003,-80.207214,-71.026749,-77.379974,505,9.481
9501,-8.348856,23.897974,42.172611,-404.040009,86.800003,63.349998,-79.125595,-73.07267,-77.890068,506,9.501
9521,0.909305,24.646954,10.332577,-31.15,-12.25,37.029999,-79.230881,-70.655556,-76.759964,507,9.521
9536,0.323043,-3.914798,14.960462,27.65,-53.689999,47.880001,-79.155495,-70.158897,-78.35466,508,9.536
9556,4.97007,1.234741,5.202182,-11.55,-48.23,15.47,-80.070602,-70.517204,-77.150375,509,9.556
9576,-0.251255,-0.090931,8.908797,50.75,-15.61,-26.950001,-77.844833,-73.275734,-76.672974,510,9.576
9596,-1.222776,-6.544604,4.833674,-33.740002,13.3,-28.98,-77.199448,-70.735931,-76.647636,511,9.596
9611,-3.101209,-6.623569,2.474267,-28.0,13.58,-21.280001,-77.795525,-70.904854,-77.094147,512,9.611
9631,-0.610192,-9.334735,4.276127,17.639999,-9.1,17.43,-76.121796,-76.743095,-76.177681,513,9.631
9651,-0.330221,-1.550604,6.470424,25.27,-29.82,57.470001,-79.058769,-72.018242,-77.423233,514,9.651
9671,4.977249,17.468229,31.935751,56.349998,-7.77,30.450001,-77.643143,-73.312057,-76.820953,515,9.671
9686,1.129453,15.029856,8.975799,-60.41,22.960001,-25.969999,-80.776344,-72.510147,-76.657814,516,9.686
9706,-0.784874,-9.593168,16.929825,-33.880001,8.47,-14.07,-78.502914,-69.978081,-76.22419,517,9.706
9726,-1.476424,2.622627,8.377571,11.76,-7.14,10.29,-78.401909,-72.116302,-76.323532,518,9.726
9746,0.717872,1.725287,10.667584,33.459999,-10.29,11.62,-77.808792,-70.348083,-75.172943,519,9.746
9761,1.675036,0.818375,8.138281,9.03,-1.12,3.29,-79.71389,-70.319893,-77.678528,520,9.761
9781,0.619763,1.495568,8.040172,-3.5,2.24,-3.78,-76.973785,-70.487427,-74.922867,521,9.781
9801,0.201004,1.344814,10.413936,-6.79,5.67,-10.36,-78.830467,-69.128906,-76.351837,522,9.801
9821,-0.935627,1.179704,9.985605,-9.66,6.51,-10.08,-78.990196,-69.363533,-76.111992,523,9.821
9836,-0.136396,1.940648,10.899696,-1.05,4.62,-3.64,-78.495239,-71.576385,-76.787941,524,9.836
9856,-0.055037,1.931077,10.519224,3.92,3.71,2.52,-78.884483,-71.500763,-76.070999,525,9.856
9876,0.289542,1.299349,10.07175,1.47,3.08,2.94,-78.666916,-69.933823,-74.953575,526,9.876
9896,-0.064609,0.495332,10.002356,2.94,3.85,-0.84,-78.937508,-68.312088,-76.066139,527,9.896
9912,-0.177075,-0.007179,9.82528,4.62,3.99,-2.31,-81.054596,-69.290092,-77.206627,528,9.912
9932,-0.196218,0.720265,10.736979,10.43,3.22,-2.66,-78.889191,-71.501755,-76.211334,529,9.932
9952,-0.390044,1.206026,10.600583,12.32,2.59,-1.47,-80.023506,-70.507294,-75.74707,530,9.952
9972,-0.576691,0.610192,10.660405,16.24,1.4,1.12,-78.799255,-70.722252,-76.213936,531,9.972
9987,-0.198611,1.53864,10.191396,24.08,0.0,3.43,-76.844948,-72.899582,-75.351318,532,9.987
10007,-0.782481,0.904519,10.315826,29.469999,-0.63,5.25,-80.010239,-71.064064,-77.668282,533,10.007
10027,-0.457045,1.957399,10.033463,42.209999,0.77,4.55,-77.606239,-69.824661,-72.978729,534,10.027
10047,-0.856661,1.53864,10.658012,39.900002,1.75,2.87,-80.989525,-69.83596,-77.584206,535,10.047
10062,-0.516868,2.653735,9.24859,25.83,0.07,2.1,-81.225067,-70.847115,-76.920753,536,10.062
10082,-0.476189,3.330928,9.777423,20.51,-1.82,-2.38,-81.11496,-68.743233,-76.688728,537,10.082
10102,0.648478,1.148596,10.504867,11.55,-2.24,-3.71,-80.935081,-67.184227,-76.693939,538,10.102
10122,0.435509,1.658285,9.58599,14.56,-3.08,-0.98,-78.720039,-71.265144,-76.170517,539,10.122
10137,0.356543,1.811431,9.394557,14.21,-5.53,2.17,-81.311943,-68.705917,-76.400421,540,10.137
10157,0.289542,1.634356,9.459166,9.38,-7.56,3.78,-79.75499,-69.489197,-75.428215,541,10.157
10177,-0.031108,1.811431,9.959284,6.58,-6.3,3.57,-81.958076,-67.285461,-77.546158,542,10.177
10197,0.01675,2.136867,9.995177,4.27,-2.24,1.12,-79.503571,-66.874771,-74.826256,543,10.197
10212,-0.454653,0.681979,11.450066,4.55,-0.07,2.24,-78.192009,-68.951057,-74.642365,544,10.212
10232,-0.588655,0.177075,12.088972,36.049999,6.93,8.89,-76.757858,-66.000778,-73.428047,545,10.232
10252,-0.69155,5.178253,10.509652,57.75,12.6,10.36,-80.88195,-65.852905,-75.476997,546,10.252
10272,-0.323043,6.128238,10.926019,46.130001,13.93,4.83,-79.324997,-66.636177,-74.504791,547,10.272
10287,-0.854268,3.172996,9.784601,13.79,11.2,5.46,-79.032936,-65.613129,-73.484276,548,10.287
10307,-0.969128,2.986349,8.781973,15.12,6.3,4.27,-77.834442,-68.194,-72.828323,549,10.307
10327,-0.265613,0.993057,9.081086,12.67,0.21,4.41,-80.793327,-66.393822,-75.152916,550,10.327
10347,-0.349365,0.772909,8.513967,13.16,-1.96,6.51,-77.702972,-67.965317,-73.910149,551,10.347
10362,-0.52644,1.009807,8.937511,9.94,-0.49,8.68,-80.282913,-67.283279,-75.734573,552,10.362
10382,-0.375687,1.687,9.090658,4.06,2.87,7.63,-79.208542,-67.451019,-74.509834,553,10.382
10402,-0.107681,2.584341,9.064336,4.34,4.69,3.08,-77.808357,-70.068214,-74.001846,554,10.402
10422,0.181861,3.807117,9.217482,2.52,4.13,-3.22,-79.242294,-63.978489,-72.772552,555,10.422
10437,0.473796,3.713793,9.806137,-8.05,2.03,-7.7,-75.919456,-67.459534,-72.71096,556,10.437
10457,0.361329,4.288091,10.4259,-20.51,0.91,-9.73,-80.559105,-66.703072,-75.489677,557,10.457
10477,0.536011,4.95332,11.576889,-53.200001,2.38,-11.06,-78.630882,-67.006187,-73.453545,558,10.477
10497,1.186882,5.015535,12.608232,-73.220001,8.75,-15.33,-79.6633,-67.109406,-74.586411,559,10.497
10512,2.627413,4.926998,11.450066,-100.940002,15.96,-17.290001,-80.720581,-68.537987,-76.094238,560,10.512
10532,1.622392,5.886554,11.490745,-99.610001,21.07,-21.629999,-79.674461,-68.71167,-75.711479,561,10.532
10552,-0.466617,5.171074,10.370864,-138.039993,23.309999,-23.52,-82.377327,-68.816078,-78.515594,562,10.552
10572,-1.832968,1.335243,11.0672,-171.220001,25.83,-25.9,-82.339645,-68.808144,-77.39296,563,10.572
10587,-1.146203,-1.036129,10.744158,-170.309998,31.57,-28.07,-82.486107,-69.599548,-79.07431,564,10.587
10607,-0.351757,-2.792524,10.813552,-158.410004,38.920002,-22.120001,-81.556129,-73.198524,-78.737213,565,10.607
10627,-0.210576,-4.577633,10.327791,-127.400002,46.48,-12.67,-81.330109,-76.709343,-80.90313,566,10.627
10647,-1.608034,-4.630277,8.963834,-87.290001,46.130001,-1.26,-81.689774,-75.307365,-79.670891,567,10.647
10663,-2.206261,-4.699671,7.111723,-61.880001,38.990002,9.66,-83.782005,-74.959999,-80.436417,568,10.663
10683,-3.405108,-5.683156,6.922683,-52.5,30.17,20.299999,-81.95401,-76.60434,-81.020523,569,10.683
10703,-2.909776,-3.943512,7.202653,-33.670002,25.620001,25.83,-83.307213,-78.497238,-81.347,570,10.703
10723,-2.634592,-4.108623,6.815002,-38.639999,23.940001,31.99,-83.339745,-78.224297,-81.158211,571,10.723
10738,-2.414444,-4.012907,8.638398,-32.27,23.17,37.240002,-85.287689,-78.965706,-82.257889,572,10.738
10758,-1.428566,-2.90499,11.282561,-4.34,29.889999,39.27,-88.050926,-78.523254,-84.544106,573,10.758
10778,-1.488389,-0.184254,13.235175,29.540001,40.880001,35.84,-85.253517,-82.158348,-82.824066,574,10.778
10798,-1.55539,1.639142,13.024599,5.95,41.720001,38.920002,-88.402916,-78.719574,-83.875626,575,10.798
10813,-2.033972,0.827946,14.869531,-39.200001,39.759998,42.630001,-87.178238,-78.654663,-83.171387,576,10.813
10833,-2.574769,-0.480975,17.149973,-32.619999,46.619999,37.099998,-88.730484,-77.870399,-84.003265,577,10.833
10853,-2.960027,0.076573,17.563946,19.110001,66.010002,22.540001,-88.107468,-79.015945,-82.388092,578,10.853
10873,-3.759259,1.14381,16.365099,61.040001,85.120003,6.51,-88.188416,-80.073341,-83.275925,579,10.873
10888,-4.240233,-0.985878,17.269617,100.660004,102.059998,-9.17,-90.367523,-77.584778,-83.521111,580,10.888
10908,-4.82171,1.100738,16.664211,137.690002,116.690002,-24.710001,-90.205727,-79.98999,-82.967262,581,10.908
10928,-4.915033,-0.751373,16.348349,154.210007,125.090004,-38.080002,-91.803322,-77.615349,-84.358032,582,10.928
10948,-4.989213,-2.558019,14.534524,149.240005,127.120003,-40.389999,-93.415497,-76.004349,-83.500908,583,10.948
10963,-4.596776,-4.438845,10.447436,109.480003,131.110001,-21.139999,-96.306702,-72.590012,-83.016487,584,10.963
10983,-4.783423,-11.521852,8.269891,85.400002,128.589996,8.05,-97.115089,-69.525009,-82.047188,585,10.983
11003,-4.725994,-12.447907,6.575711,167.509995,128.100006,33.740002,-98.807014,-72.17099,-83.626381,586,11.003
11023,-4.905462,-10.780051,3.931548,253.190002,129.289993,51.869999,-100.318184,-72.698219,-82.868599,587,11.023
11038,-4.479524,-5.582654,1.337636,331.029999,131.460007,58.310001,-100.008499,-68.471611,-79.738289,588,11.038
11058,-3.816688,-0.040679,0.241684,338.799988,138.460007,54.18,-103.776237,-64.367096,-78.424706,589,11.058
11078,-5.240469,0.942806,-1.562569,338.23999,146.229996,39.34,-104.2425,-61.868427,-75.73568,590,11.078
11098,-6.819788,5.228504,-3.615684,337.470001,144.690002,14.84,-105.508286,-61.102646,-74.189598,591,11.098
11113,-7.683628,8.296212,-5.733408,300.160004,124.809998,-13.72,-106.309784,-56.156487,-71.064461,592,11.113
11133,-7.068651,9.736743,-6.030128,196.139999,89.040001,-37.52,-109.037895,-54.307732,-66.512886,593,11.133
11153,-6.010985,5.209361,-5.324221,96.599998,54.880001,-47.389999,-109.474159,-50.202816,-62.13747,594,11.153
11173,-5.230897,3.206497,-4.187589,28.630001,20.93,-40.040001,-110.387505,-48.960838,-60.088772,595,11.173
11188,-5.230897,3.895654,-4.335949,12.04,-14.21,-31.57,-110.869766,-52.585426,-59.886948,596,11.188
11208,-3.469717,0.777695,-0.966735,5.32,-41.509998,-23.66,-109.37439,-49.622253,-56.848351,597,11.208
11228,-3.07728,1.758787,1.095952,19.6,-55.790001,-15.190001,-112.878082,-52.779972,-60.468727,598,11.228
11248,-3.125138,3.680293,3.512789,23.030001,-59.849998,-8.47,-110.824303,-49.655804,-58.106258,599,11.248
11263,-4.692493,4.395772,4.07273,-1.75,-59.849998,-1.82,-114.12664,-48.609707,-61.823898,600,11.263
11283,-5.125609,6.3771,5.61137,-18.9,-58.73,-0.84,-112.385513,-48.112854,-61.887676,601,11.283
11303,-6.520675,6.843717,6.338813,-15.190001,-56.77,-5.67,-112.188217,-52.390293,-62.226681,602,11.303
11323,-6.185668,7.654913,7.901382,-16.73,-51.52,-9.73,-111.317604,-49.881866,-61.647671,603,11.323
11338,-6.357957,7.621412,8.329713,-28.84,-42.91,-11.13,-111.410934,-49.341946,-62.11208,604,11.338
11358,-5.90809,5.989449,8.750865,-21.35,-30.73,-14.07,-110.074501,-50.092857,-61.553215,605,11.358
11378,-6.314885,5.632905,8.217246,4.27,-18.83,-17.710001,-110.697632,-53.467323,-64.390198,606,11.378
11398,-6.908326,5.809981,7.336656,30.52,-10.01,-20.58,-108.816078,-53.500469,-62.586254,607,11.398
11413,-7.291191,5.386436,6.099523,40.32,-5.39,-21.210001,-113.070747,-52.540733,-65.051163,608,11.413
11433,-7.264869,4.266555,4.848032,42.490002,-6.09,-20.370001,-110.297676,-52.701332,-61.31319,609,11.433
11453,-7.284012,2.651342,3.819081,48.790001,-10.64,-16.17,-111.924843,-51.653057,-63.219246,610,11.453
11473,-6.901147,0.667621,2.713558,55.439999,-17.43,-9.52,-110.723282,-51.313229,-62.045574,611,11.473
11488,-6.535032,-0.547976,1.399851,46.060001,-25.76,2.94,-110.378624,-53.758736,-62.201015,612,11.488
11508,-6.558961,-1.868861,-0.514475,23.799999,-35.91,21.42,-111.135643,-50.962696,-60.859184,613,11.508
11528,-6.195239,-3.3405,-1.830575,22.82,-41.720001,42.07,-112.091812,-50.00951,-61.244553,614,11.528
11548,-6.034914,-4.075122,-4.886318,19.040001,-51.099998,68.110001,-109.109344,-51.323933,-62.058281,615,11.548
11563,-4.986821,-5.331399,-7.279226,8.33,-79.029999,104.230003,-111.061462,-47.266457,-60.905392,616,11.563
11583,-3.129924,-3.531932,-8.021028,-16.309999,-120.68,133.070007,-108.146721,-50.675842,-60.688168,617,11.583
11603,-1.100738,-3.759259,-4.455595,-54.950001,-158.970001,156.729996,-104.462357,-49.43858,-59.792599,618,11.603
11623,1.335243,-0.638906,-0.6748,-135.800003,-189.630005,172.970001,-102.320038,-50.894531,-62.167831,619,11.623
11638,4.539347,-0.184254,4.350307,-255.779999,-211.119995,177.309998,-99.663818,-50.039368,-63.435894,620,11.638
11658,6.97772,-4.623098,12.361763,-285.670013,-208.600006,161.910004,-98.841599,-48.380463,-67.773468,621,11.658
11678,5.618548,-3.177782,17.638126,-254.029999,-188.509995,142.940002,-92.559845,-53.180897,-69.227249,622,11.678
11698,3.232819,0.727444,19.686455,-242.059998,-168.910004,139.020004,-89.687019,-55.838535,-72.941879,623,11.698
11713,2.787738,1.418995,24.17555,-252.139999,-150.149994,140.839996,-85.434097,-58.398563,-71.321381,624,11.713
11733,3.204104,8.272284,27.623732,-199.080002,-120.470001,123.690002,-84.412064,-63.377068,-74.033165,625,11.733
11753,2.627413,10.399578,29.597879,-154.419998,-75.879997,99.260002,-82.615295,-63.428062,-74.755173,626,11.753
11773,0.708301,16.164095,27.082933,-92.400002,-37.099998,64.540001,-82.263298,-63.231739,-75.42366,627,11.773
11788,-0.413973,16.661819,23.146601,-50.470001,-15.68,32.200001,-80.481644,-68.846252,-76.290672,628,11.788
11808,-0.083752,18.872866,19.997534,8.54,-4.27,-4.83,-80.599419,-69.351837,-75.958954,629,11.808
11828,-1.363958,15.484509,15.776443,18.27,0.35,-31.360001,-80.417778,-66.192535,-75.119759,630,11.828
11848,-3.594148,8.616862,12.620197,7.49,1.47,-47.110001,-78.83902,-68.571144,-74.290306,631,11.848
11864,-4.489096,2.754237,10.856624,6.16,6.09,-56.98,-79.99514,-65.981346,-73.683289,632,11.864
11884,-4.254591,-5.618548,10.480937,4.27,17.99,-48.02,-79.344719,-67.680687,-73.568329,633,11.884
11904,-2.976778,-9.521381,8.107173,31.57,31.92,-18.41,-80.667877,-67.486542,-76.048393,634,11.904
11924,-1.081594,-7.408443,6.542211,70.279999,38.009998,23.799999,-81.928497,-65.959099,-77.030853,635,11.924
11939,-1.129453,-5.302684,5.34815,64.470001,35.490002,65.239998,-80.394234,-66.187584,-74.418106,636,11.939
11959,-0.878197,-0.435509,3.438609,48.23,23.799999,89.040001,-83.095345,-64.691696,-76.377823,637,11.959
11979,-0.093323,3.632434,3.388358,27.440001,6.79,87.709999,-81.181252,-64.99778,-74.762665,638,11.979
11999,0.885376,6.465638,3.443395,-17.360001,-14.28,68.669998,-82.906143,-67.650703,-77.324173,639,11.999
12014,1.993292,5.474974,6.671428,-40.599998,-32.759998,44.099998,-79.265846,-63.983444,-73.474205,640,12.014
12034,3.13471,5.766909,10.083714,-47.599998,-42.0,20.440001,-82.631172,-65.031334,-76.020569,641,12.034
12054,3.237605,3.859761,11.859253,-56.420002,-44.380001,7.56,-79.095047,-66.666557,-73.810783,642,12.054
12074,3.417073,2.536483,14.087049,-53.900002,-39.689999,4.48,-79.152885,-67.998863,-75.16806,643,12.074
12089,1.442924,3.960263,13.213638,-30.380001,-31.710001,2.45,-79.182465,-69.325226,-75.68335,644,12.089
12109,0.545583,4.316806,12.859488,-12.25,-25.34,-1.12,-81.074326,-70.334602,-76.270164,645,12.109
12129,-0.641299,6.989685,11.983684,-5.67,-18.48,-13.72,-76.671867,-69.182518,-72.450592,646,12.129
12149,-1.485996,4.965284,10.401972,-12.53,-14.49,-24.290001,-78.681046,-69.936798,-75.374565,647,12.149
12164,-1.758787,4.276127,9.552489,-6.72,-13.93,-30.66,-78.350418,-67.865273,-74.729195,648,12.164
12184,-2.56759,0.287149,10.193789,-0.7,-13.58,-23.17,-76.09507,-69.297424,-73.736511,649,12.184
12204,-2.086616,-0.670014,11.27299,11.2,-9.03,-7.7,-79.914612,-65.203819,-73.966553,650,12.204
12224,-1.433352,-0.619763,10.117215,7.28,0.35,8.12,-78.435654,-68.643784,-74.586258,651,12.224
12239,-1.239526,1.328064,8.942298,7.42,6.37,15.89,-80.799782,-67.995094,-76.137665,652,12.239
12259,-0.737016,2.43598,8.76283,10.64,7.42,16.309999,-79.418007,-70.336388,-75.019897,653,12.259
12279,0.80641,1.708536,9.382592,3.71,4.62,17.01,-80.115089,-68.367088,-75.367073,654,12.279
12299,1.854504,4.10623,9.160052,-3.08,1.4,11.27,-79.425682,-68.738083,-74.456154,655,12.299
12314,1.323278,2.81406,10.023892,-3.36,-0.98,1.96,-78.888649,-66.701889,-73.818428,656,12.314
12334,1.067237,2.445552,11.160523,-4.06,-1.05,-2.31,-77.390862,-70.137886,-73.876808,657,12.334
12354,-0.095716,2.531697,10.870981,-5.25,0.28,-2.03,-78.961502,-69.077713,-74.098915,658,12.354
12374,-0.670014,2.187118,10.758514,1.26,0.49,-0.77,-80.628883,-66.158195,-75.252441,659,12.374
12389,-0.361329,2.536483,10.275147,4.41,0.91,0.14,-79.387222,-72.209602,-76.053101,660,12.389
12409,-0.555155,2.464695,9.861175,2.24,2.45,0.49,-78.532051,-71.024567,-75.56839,661,12.409
12429,-0.363722,1.909541,9.758279,0.91,3.57,-0.56,-79.680496,-70.033081,-75.525124,662,12.429
12449,-0.598227,1.780324,9.918604,9.24,4.83,-1.96,-77.24778,-68.027061,-72.662476,663,12.449
12464,-0.741802,2.385729,10.136358,12.81,5.32,-2.59,-78.967972,-70.678993,-75.083649,664,12.464
12484,-0.409187,2.596305,9.779816,14.7,5.88,-2.8,-79.093842,-69.866135,-75.359268,665,12.484
12504,-0.409187,2.921741,9.897068,11.9,6.16,-1.12,-78.302544,-71.334816,-76.045479,666,12.504
12524,-0.519261,2.773381,10.413936,4.9,7.56,1.12,-80.242279,-68.874649,-75.31601,667,12.524
12539,-0.591048,2.364193,9.684099,8.19,6.09,2.52,-78.507965,-66.219742,-72.473839,668,12.539
12559,-0.289542,2.498196,9.597955,11.83,3.57,4.13,-80.964226,-68.230713,-76.038139,669,12.559
12579,-0.191433,2.56759,9.755886,7.49,3.43,3.5,-79.295525,-69.829819,-75.211304,670,12.579
12599,-0.346972,2.261298,9.456773,2.45,3.92,1.33,-78.9431,-69.353622,-74.708687,671,12.599
12615,-0.349365,1.81861,8.595325,-2.38,1.96,0.14,-80.265396,-68.599731,-74.846565,672,12.615
12635,-0.119645,2.292406,8.820259,-1.47,-0.21,-0.56,-80.046623,-70.232376,-75.277626,673,12.635
12655,0.078966,2.077044,9.28209,1.19,-1.33,-0.91,-79.120026,-72.511932,-75.407547,674,12.655
12675,-0.07418,2.416837,9.32277,6.3,-3.22,-0.14,-77.858421,-68.478828,-74.701073,675,12.675
12690,-0.093323,2.541268,9.672134,12.67,-5.18,0.49,-79.247543,-68.779358,-75.305786,676,12.69
12710,-0.277577,3.230426,10.054999,12.88,-4.62,-0.35,-81.539711,-66.795387,-75.078918,677,12.71
12730,-0.512082,2.907383,10.282326,13.72,-2.52,-0.98,-81.246864,-69.251785,-76.777992,678,12.73
12750,-0.330221,2.873883,10.784837,20.51,1.47,-1.12,-78.862572,-68.576096,-74.991959,679,12.75
12765,-0.559941,3.010278,10.715443,25.059999,4.13,-0.49,-79.069862,-69.581306,-73.486526,680,12.765
12785,-0.703515,3.050958,9.82528,20.16,3.43,1.26,-79.244041,-65.578789,-73.616959,681,12.785
12805,-0.612584,2.742273,9.511809,15.68,0.7,2.59,-79.734406,-67.884941,-74.022484,682,12.805
12825,-0.423545,2.560412,9.456773,16.17,-1.89,3.71,-79.683022,-68.153908,-73.649948,683,12.825
12840,-0.349365,3.139495,9.267733,14.56,-3.22,3.08,-77.798508,-69.786354,-72.550087,684,12.84
12860,-0.35415,3.09403,9.107409,3.64,-3.85,2.03,-79.988785,-68.900063,-73.920357,685,12.86
12880,-0.483367,2.409658,9.703242,3.5,-3.08,0.84,-79.531395,-66.600853,-74.497147,686,12.88
12900,-0.509689,2.893026,9.796566,6.65,-1.47,0.28,-79.676567,-66.552628,-72.665207,687,12.9
12915,-0.69155,3.024636,9.741529,7.07,-0.28,0.7,-83.087242,-66.010132,-75.77047,688,12.915
12935,-0.495332,3.113173,10.007142,8.4,0.56,1.4,-79.19146,-69.04734,-74.792915,689,12.935
12955,-0.622156,3.603719,10.485723,16.030001,4.2,1.33,-80.175026,-67.540352,-73.678078,690,12.955
12975,-0.887769,3.718579,10.471366,18.9,7.98,1.68,-80.338142,-66.455559,-73.905243,691,12.975
12990,-0.607799,4.149302,9.901854,10.71,8.05,3.64,-80.45121,-66.960144,-73.433189,692,12.99
13010,-0.382865,2.950456,9.952105,-11.83,8.47,4.69,-81.329926,-68.150139,-74.619553,693,13.01
13030,-0.552762,3.543897,9.009299,-19.040001,6.16,1.89,-79.162766,-68.76152,-72.779839,694,13.03
13050,-0.737016,1.476424,9.32277,-13.23,4.76,1.61,-78.882301,-69.620605,-74.055489,695,13.05
13065,-0.497725,2.696807,8.640791,-8.68,2.52,1.26,-79.333984,-66.358292,-73.614357,696,13.065
13085,-0.464224,2.546054,9.109801,-6.51,-0.63,0.91,-78.783371,-69.118988,-74.948532,697,13.085
13105,-0.227326,2.715951,9.444808,-4.69,-1.47,-0.42,-79.968628,-67.575684,-73.685722,698,13.105
13125,-0.531226,2.751844,9.564454,-4.34,-1.05,-1.33,-80.397186,-64.58828,-73.714027,699,13.125
13140,-0.595834,3.089244,9.557275,-3.29,-1.54,-2.1,-79.517265,-66.597878,-74.076149,700,13.14
13160,-0.660443,2.790131,9.777423,-3.78,-2.17,-1.54,-80.361267,-66.180641,-73.435799,701,13.16
13180,-0.772909,3.055744,9.834852,-3.29,-2.45,-1.12,-79.584084,-67.652298,-74.542992,702,13.18
13200,-0.722658,2.88824,9.80853,-1.82,-1.82,-1.19,-80.968506,-67.951836,-75.00737,703,13.2
13215,-0.792053,2.94567,9.688885,-0.56,-1.89,-0.49,-82.562698,-66.896622,-75.931129,704,13.215
13235,-0.782481,2.967206,9.710421,-3.57,-2.31,-0.07,-80.412743,-70.431671,-75.030128,705,13.235
